"","#chrom","start","end","peak_id","score","strand","auc","pvalue","fdr","summit","logfc:avg","logfc:genrich/16h-ook-GFP.pb.bam","logfc:genrich/GFP_pulldown_ap2_o.pb.bam","tss_id","description","tss_distance","tss_distance_rank"
"1","PbANKA_01_v3",143717,144215,"16h-ook_GFP-AP2-O_4",1000,"+",3204.239746,14.499447,-1,235,2.1103,2.2436,1.9634,"PBANKA_0103200.1","conserved protein%2C unknown function",-517,1
"2","PbANKA_01_v3",163145,163910,"16h-ook_GFP-AP2-O_7",1000,"+",17321.748047,63.555603,-1,344,4.0168,4.5757,3.092,"PBANKA_0103800.1","50S ribosomal protein L24%2C putative",-820,2
"3","PbANKA_01_v3",176089,176797,"16h-ook_GFP-AP2-O_12",1000,"-",4493.199219,18.031126,-1,354,2.2494,2.6112,1.7654,"PBANKA_0104200.1","calcium-binding protein%2C putative",-9,1
"4","PbANKA_01_v3",186072,186825,"16h-ook_GFP-AP2-O_13",1000,"+",13477.837891,51.155136,-1,395,3.6614,4.1634,2.8852,"PBANKA_0104500.1","conserved Plasmodium protein%2C unknown function",-568,1
"5","PbANKA_01_v3",267421,268052,"16h-ook_GFP-AP2-O_26",1000,"-",9592.016602,38.767025,-1,344,3.2525,3.6543,2.6938,"PBANKA_0106400.1","GTP-binding protein%2C putative",-314,1
"6","PbANKA_01_v3",267421,268052,"16h-ook_GFP-AP2-O_26",1000,"+",9592.016602,38.767025,-1,344,3.2525,3.6543,2.6938,"PBANKA_0106500.1","conserved Plasmodium protein%2C unknown function",-549,2
"7","PbANKA_01_v3",284753,285358,"16h-ook_GFP-AP2-O_30",1000,"-",11572.166016,41.264805,-1,316,3.393,3.8171,2.7897,"PBANKA_0107000.1","conserved Plasmodium protein%2C unknown function",-322,1
"8","PbANKA_01_v3",320585,321261,"16h-ook_GFP-AP2-O_35",1000,"-",15863.617188,44.991669,-1,299,3.8378,3.9225,3.7478,"PBANKA_0107700.1","zinc transporter ZIP1",-215,1
"9","PbANKA_01_v3",359871,360358,"16h-ook_GFP-AP2-O_40",1000,"-",2653.671875,12.792201,-1,199,1.8223,2.3147,1.0689,"PBANKA_0108700.1","RNA-binding protein 25%2C putative",-435,1
"10","PbANKA_01_v3",362512,363127,"16h-ook_GFP-AP2-O_42",1000,"+",10185.169922,39.291027,-1,353,3.195,3.5972,2.6355,"PBANKA_0108800.1","histone H3%2C putative",-337,1
"11","PbANKA_01_v3",366642,367133,"16h-ook_GFP-AP2-O_43",1000,"+",4813.57959,21.399374,-1,268,2.439,2.9077,1.7404,"PBANKA_0109100.1","transketolase%2C putative",-809,2
"12","PbANKA_01_v3",448569,449206,"16h-ook_GFP-AP2-O_53",1000,"-",4310.273438,14.922156,-1,401,2.0987,2.3192,1.8382,"PBANKA_0111600.1","rhoptry protein ROP14%2C putative",-296,1
"13","PbANKA_01_v3",461561,462264,"16h-ook_GFP-AP2-O_55",1000,"-",9638.574219,31.719759,-1,386,2.8524,3.3779,2.0173,"PBANKA_0112000.1","syntaxin-binding protein%2C putative",-339,1
"14","PbANKA_02_v3",82337,82987,"16h-ook_GFP-AP2-O_60",1000,"-",18444.925781,63.871254,-1,343,3.722,4.2034,2.9943,"PBANKA_0201700.1","conserved Plasmodium protein%2C unknown function",-258,1
"15","PbANKA_02_v3",91119,91751,"16h-ook_GFP-AP2-O_62",1000,"+",6472.140137,19.315926,-1,226,2.4165,2.455,2.377,"PBANKA_0202200.1","conserved Plasmodium protein%2C unknown function",-211,1
"16","PbANKA_02_v3",97410,98426,"16h-ook_GFP-AP2-O_63",1000,"-",4344.249512,15.066443,-1,188,2.1137,2.2284,1.989,"PBANKA_0202400.1","conserved Plasmodium protein%2C unknown function",-402,1
"17","PbANKA_02_v3",136439,137201,"16h-ook_GFP-AP2-O_72",1000,"-",14339.308594,48.234787,-1,441,3.5305,3.9156,3.0035,"PBANKA_0203650.1","conserved protein%2C unknown function",-645,1
"18","PbANKA_02_v3",139829,140665,"16h-ook_GFP-AP2-O_73",1000,"-",18866.685547,69.348351,-1,415,4.0678,4.6065,3.1984,"PBANKA_0203750.1","phosphatidate cytidylyltransferase%2C putative",-622,1
"19","PbANKA_02_v3",144977,146257,"16h-ook_GFP-AP2-O_74",1000,"+",39200.984375,70.539909,-1,801,4.4891,5.0822,3.4646,"PBANKA_0204100.1","N-acetyltransferase%2C GNAT family%2C putative",-29,1
"20","PbANKA_02_v3",156841,157355,"16h-ook_GFP-AP2-O_76",1000,"-",6344.089355,26.68627,-1,258,2.8244,3.1345,2.4289,"PBANKA_0204600.1","photosensitized INA-labeled protein PHIL1",-217,1
"21","PbANKA_02_v3",192924,193825,"16h-ook_GFP-AP2-O_84",1000,"-",17878.490234,42.191505,-1,457,3.354,3.702,2.8945,"PBANKA_0205700.1","OST3/OST6 domain-containing protein%2C putative",-922,1
"22","PbANKA_02_v3",291053,292042,"16h-ook_GFP-AP2-O_97",1000,"-",12906.28418,38.775677,-1,319,3.3085,3.4015,3.2091,"PBANKA_0208400.1","major facilitator superfamily-related transporter%2C putative",-548,1
"23","PbANKA_02_v3",320341,321211,"16h-ook_GFP-AP2-O_101",1000,"-",8453.751953,20.605045,-1,491,2.0878,2.8501,0.3691,"PBANKA_0209100.1","thrombospondin-related sporozoite protein",-853,1
"24","PbANKA_02_v3",323414,324153,"16h-ook_GFP-AP2-O_102",1000,"+",11383.890625,32.667019,-1,438,3.0277,3.2958,2.6982,"PBANKA_0209300.1","actin-related protein",-941,1
"25","PbANKA_02_v3",340101,340712,"16h-ook_GFP-AP2-O_103",1000,"+",16931.216797,63.049728,-1,305,4.3276,4.5029,4.128,"PBANKA_0209700.1","zinc-carboxypeptidase%2C putative",-461,1
"26","PbANKA_02_v3",351915,352316,"16h-ook_GFP-AP2-O_107",1000,"+",2095.161621,11.646755,-1,193,1.9556,2.0065,1.9028,"PBANKA_0210000.1","vacuolar protein sorting-associated protein 51%2C putative",-812,1
"27","PbANKA_02_v3",359441,359995,"16h-ook_GFP-AP2-O_109",1000,"+",5819.833008,23.383667,-1,287,2.6838,2.9005,2.4288,"PBANKA_0210200.1","aspartate--tRNA ligase%2C putative",-545,1
"28","PbANKA_02_v3",361695,362907,"16h-ook_GFP-AP2-O_110",1000,"+",13861.381836,38.622402,-1,676,3.3509,3.5215,3.1573,"PBANKA_0210300.1","seipin domain-containing protein%2C putative",-940,1
"29","PbANKA_02_v3",365656,366717,"16h-ook_GFP-AP2-O_111",1000,"+",12519.530273,45.481934,-1,272,3.759,3.8028,3.7139,"PBANKA_0210400.1","DNA mismatch repair protein PMS1%2C putative",-65,1
"30","PbANKA_02_v3",405307,405728,"16h-ook_GFP-AP2-O_113",1000,"-",2637.905273,14.715837,-1,215,2.0174,2.3545,1.5767,"PBANKA_0211100.1","vacuolar protein sorting-associated protein 53%2C putative",-113,1
"31","PbANKA_02_v3",480310,480730,"16h-ook_GFP-AP2-O_115",1000,"+",2357.884277,13.101773,-1,197,2.0074,2.1867,1.8026,"PBANKA_0212900.1","conserved Plasmodium protein%2C unknown function",-35,1
"32","PbANKA_03_v3",73517,74727,"16h-ook_GFP-AP2-O_122",1000,"-",48879.660156,109.087646,-1,472,5.4121,5.9032,4.6618,"PBANKA_0302200.1","dynein light chain%2C putative",-763,1
"33","PbANKA_03_v3",82886,84134,"16h-ook_GFP-AP2-O_124",1000,"-",13174.399414,27.432991,-1,320,2.8906,3.1466,2.5792,"PBANKA_0302500.1","hexose transporter",-940,1
"34","PbANKA_03_v3",97820,98979,"16h-ook_GFP-AP2-O_128",1000,"-",10052.713867,24.825142,-1,243,2.455,2.9134,1.7792,"PBANKA_0303200.1","DNA-directed RNA polymerase II 16 kDa subunit%2C putative",-76,1
"35","PbANKA_03_v3",107289,108095,"16h-ook_GFP-AP2-O_129",1000,"+",25253.291016,60.758453,-1,324,4.0534,4.6989,2.8549,"PBANKA_0303600.1","26S proteasome regulatory subunit RPN1%2C putative",-170,1
"36","PbANKA_03_v3",191892,192340,"16h-ook_GFP-AP2-O_136",1000,"-",3585.720947,18.06546,-1,203,2.1297,2.681,1.2262,"PBANKA_0305500.1","conserved Plasmodium protein%2C unknown function",-179,1
"37","PbANKA_03_v3",195383,196202,"16h-ook_GFP-AP2-O_137",1000,"+",7799.796387,25.559362,-1,372,2.4938,3.0203,1.6562,"PBANKA_0305700.1","ribosome-recycling factor%2C putative",-167,1
"38","PbANKA_03_v3",199264,199652,"16h-ook_GFP-AP2-O_138",1000,"+",3474.173828,17.918886,-1,221,2.1449,2.2476,2.0344,"PBANKA_0305900.1","conserved Plasmodium protein%2C unknown function",-321,1
"39","PbANKA_03_v3",199264,199652,"16h-ook_GFP-AP2-O_138",1000,"-",3474.173828,17.918886,-1,221,2.1449,2.2476,2.0344,"PBANKA_0305800.1","conserved Plasmodium protein%2C unknown function",-538,2
"40","PbANKA_03_v3",296117,296990,"16h-ook_GFP-AP2-O_150",1000,"+",20099.978516,54.187,-1,381,3.6461,4.1609,2.8383,"PBANKA_0308400.1","UDP-N-acetylglucosamine transferase subunit ALG14%2C putative",-384,1
"41","PbANKA_03_v3",349494,350276,"16h-ook_GFP-AP2-O_159",1000,"+",9269.204102,24.643797,-1,213,2.7449,3.0458,2.3641,"PBANKA_0310000.1","protein SIS1%2C putative",-889,1
"42","PbANKA_03_v3",366986,368076,"16h-ook_GFP-AP2-O_164",1000,"+",28292.636719,80.400276,-1,693,4.5071,5.0993,3.4853,"PBANKA_0310600.1","conserved protein%2C unknown function",-368,1
"43","PbANKA_03_v3",382631,383305,"16h-ook_GFP-AP2-O_166",1000,"-",12374.792969,32.52047,-1,278,2.9321,3.4789,2.0409,"PBANKA_0311000.1","protein transport protein SEC31%2C putative",-98,1
"44","PbANKA_03_v3",401036,401736,"16h-ook_GFP-AP2-O_169",1000,"-",7571.664551,29.675562,-1,264,2.8235,3.1316,2.4313,"PBANKA_0311500.1","conserved Plasmodium protein%2C unknown function",-390,1
"45","PbANKA_03_v3",416971,417828,"16h-ook_GFP-AP2-O_170",1000,"+",32594.056641,97.802719,-1,449,5.371,5.9265,4.4558,"PBANKA_0312000.1","conserved Plasmodium protein%2C unknown function",-617,1
"46","PbANKA_03_v3",476396,477151,"16h-ook_GFP-AP2-O_181",1000,"-",24411.835938,68.940697,-1,335,4.269,4.4737,4.0304,"PBANKA_0313500.1","TMEM121 domain-containing protein%2C putative",-215,1
"47","PbANKA_03_v3",482689,483395,"16h-ook_GFP-AP2-O_182",1000,"-",11849.478516,38.25703,-1,405,3.2204,3.6787,2.5449,"PBANKA_0313700.1","conserved Plasmodium membrane protein%2C unknown function",-531,1
"48","PbANKA_03_v3",491985,492462,"16h-ook_GFP-AP2-O_185",1000,"-",1967.557495,11.580307,-1,177,1.7948,2.0419,1.4963,"PBANKA_0314000.1","AP-2 complex subunit sigma%2C putative",-20,1
"49","PbANKA_03_v3",511975,512454,"16h-ook_GFP-AP2-O_192",1000,"+",3960.54834,19.301262,-1,267,2.364,2.6372,2.0266,"PBANKA_0314700.1","replication factor C subunit 2%2C putative",-265,1
"50","PbANKA_04_v3",66586,67063,"16h-ook_GFP-AP2-O_202",1000,"-",2492.313232,14.835774,-1,188,2.1298,2.0862,2.172,"PBANKA_0401700.1","conserved Plasmodium protein%2C unknown function",-149,1
"51","PbANKA_04_v3",113894,114797,"16h-ook_GFP-AP2-O_212",1000,"-",20836.289062,43.114021,-1,316,3.4932,4.045,2.5882,"PBANKA_0403100.1","1-cys-glutaredoxin-like protein-1%2C putative",-124,1
"52","PbANKA_04_v3",204798,205252,"16h-ook_GFP-AP2-O_231",1000,"-",3765.868896,18.526636,-1,227,2.3047,2.587,1.9535,"PBANKA_0405700.1","ATP-dependent Clp protease proteolytic subunit%2C putative",-896,1
"53","PbANKA_04_v3",206506,207053,"16h-ook_GFP-AP2-O_232",1000,"-",3771.15918,15.665703,-1,268,2.1087,2.5489,1.4721,"PBANKA_0405800.1","spindle and kinetochore-associated protein 2%2C putative",-359,1
"54","PbANKA_04_v3",206506,207053,"16h-ook_GFP-AP2-O_232",1000,"+",3771.15918,15.665703,-1,268,2.1087,2.5489,1.4721,"PBANKA_0405900.1","conserved Plasmodium protein%2C unknown function",-595,2
"55","PbANKA_04_v3",233953,234419,"16h-ook_GFP-AP2-O_234",1000,"+",4768.833984,20.955364,-1,252,2.7293,2.5643,2.8773,"PBANKA_0406400.1","zinc finger protein%2C putative",-502,1
"56","PbANKA_04_v3",251480,252088,"16h-ook_GFP-AP2-O_235",1000,"+",12715.803711,43.620441,-1,275,3.3447,3.8479,2.5655,"PBANKA_0406900.1","conserved protein%2C unknown function",-726,1
"57","PbANKA_04_v3",276845,277686,"16h-ook_GFP-AP2-O_237",1000,"+",20511.050781,45.729023,-1,273,3.2165,3.704,2.4749,"PBANKA_0407600.1","asparagine synthetase [glutamine-hydrolyzing]",-553,1
"58","PbANKA_04_v3",294711,295720,"16h-ook_GFP-AP2-O_240",1000,"+",31442.679688,81.120834,-1,696,4.2027,4.8253,3.0833,"PBANKA_0408200.1","calcium-dependent protein kinase 3",-962,1
"59","PbANKA_04_v3",324291,324735,"16h-ook_GFP-AP2-O_243",1000,"+",3039.427979,16.179543,-1,211,2.14,2.3966,1.8276,"PBANKA_0408900.1","conserved Plasmodium protein%2C unknown function",-801,2
"60","PbANKA_04_v3",327944,328455,"16h-ook_GFP-AP2-O_244",1000,"+",7125.808105,30.175161,-1,299,2.8621,3.2826,2.2662,"PBANKA_0409000.1","conserved Plasmodium protein%2C unknown function",-334,1
"61","PbANKA_04_v3",343084,344222,"16h-ook_GFP-AP2-O_245",1000,"+",9619.641602,20.209829,-1,925,2.6631,2.4194,2.8716,"PBANKA_0409400.1","kinase-related protein PKRP",-912,1
"62","PbANKA_04_v3",381919,383064,"16h-ook_GFP-AP2-O_252",1000,"-",25733.359375,49.370106,-1,455,3.4874,3.649,3.3054,"PBANKA_0410400.1","glycogen synthase kinase 3%2C putative",-863,1
"63","PbANKA_04_v3",389626,390360,"16h-ook_GFP-AP2-O_253",1000,"+",31897.578125,109.015747,-1,339,5.22,5.5591,4.7759,"PBANKA_0410650.1","conserved Plasmodium protein%2C unknown function",-349,1
"64","PbANKA_04_v3",479507,480192,"16h-ook_GFP-AP2-O_257",1000,"-",9731.537109,37.95636,-1,354,3.3164,3.5458,3.0434,"PBANKA_0413300.1","mitochondrial ribosomal protein L29/L47 precursor%2C putative",-963,1
"65","PbANKA_04_v3",509330,510027,"16h-ook_GFP-AP2-O_266",1000,"+",22391.326172,78.296143,-1,384,4.3162,4.8773,3.3856,"PBANKA_0414300.1","kinetochore protein NUF2%2C putative",-619,1
"66","PbANKA_04_v3",514493,515062,"16h-ook_GFP-AP2-O_267",1000,"-",2256.361816,9.524126,-1,193,1.4295,2.1132,0.085,"PBANKA_0414400.1","formate-nitrite transporter%2C putative",-889,1
"67","PbANKA_04_v3",549418,550184,"16h-ook_GFP-AP2-O_272",1000,"-",14651.467773,43.783115,-1,460,3.6526,4.0353,3.1304,"PBANKA_0415400.1","conserved Plasmodium protein%2C unknown function%2C pseudogene",-169,1
"68","PbANKA_05_v3",107803,108200,"16h-ook_GFP-AP2-O_280",1000,"-",2280.377197,13.740679,-1,187,1.9245,2.1947,1.5919,"PBANKA_0502800.1","tRNA wybutosine-synthesizing protein%2C putative",-367,1
"69","PbANKA_05_v3",155503,156016,"16h-ook_GFP-AP2-O_287",1000,"+",5882.058105,22.031301,-1,310,2.3933,2.616,2.1298,"PBANKA_0503800.1","conserved Plasmodium protein%2C unknown function",-341,1
"70","PbANKA_05_v3",164657,165331,"16h-ook_GFP-AP2-O_288",1000,"-",11821.521484,46.761314,-1,297,3.6384,4.0049,3.1458,"PBANKA_0504000.1","tRNA methyltransferase%2C putative",-351,1
"71","PbANKA_05_v3",176272,177126,"16h-ook_GFP-AP2-O_291",1000,"-",22288.546875,58.344704,-1,341,4.0283,4.4779,3.3715,"PBANKA_0504400.1","conserved Plasmodium protein%2C unknown function",-100,1
"72","PbANKA_05_v3",181801,182659,"16h-ook_GFP-AP2-O_292",1000,"+",15916.009766,36.331383,-1,407,3.0492,3.6382,2.037,"PBANKA_0504700.1","ribosomal silencing factor RsfS%2C putative",-171,1
"73","PbANKA_05_v3",181801,182659,"16h-ook_GFP-AP2-O_292",1000,"-",15916.009766,36.331383,-1,407,3.0492,3.6382,2.037,"PBANKA_0504600.1","rRNA (cytosine-C(5))-methyltransferase%2C putative",-398,2
"74","PbANKA_05_v3",193957,194384,"16h-ook_GFP-AP2-O_294",1000,"+",1692.688965,9.260846,-1,189,1.3378,2.085,-0.2996,"PBANKA_0505000.1","dihydrolipoamide acyltransferase%2C putative",-299,1
"75","PbANKA_05_v3",203626,204777,"16h-ook_GFP-AP2-O_297",1000,"-",31521.974609,86.225319,-1,363,4.9294,5.362,4.3085,"PBANKA_0505200.1","conserved protein%2C unknown function",-416,1
"76","PbANKA_05_v3",209076,210761,"16h-ook_GFP-AP2-O_298",1000,"-",19655.845703,34.887875,-1,663,3.1001,3.563,2.4143,"PBANKA_0505300.1","conserved Plasmodium protein%2C unknown function",-585,1
"77","PbANKA_05_v3",211937,212817,"16h-ook_GFP-AP2-O_299",1000,"-",14001.916016,50.267479,-1,415,3.1326,3.5807,2.4793,"PBANKA_0505400.1","conserved Plasmodium protein%2C unknown function",-61,1
"78","PbANKA_05_v3",215088,215748,"16h-ook_GFP-AP2-O_301",1000,"-",4027.583252,13.501986,-1,199,1.8435,2.31,1.1497,"PBANKA_0505500.1","apicoplast integral membrane protein%2C putative",-178,1
"79","PbANKA_05_v3",221772,222928,"16h-ook_GFP-AP2-O_302",1000,"+",30144.054688,68.829697,-1,680,4.3806,5.0709,3.0087,"PBANKA_0505800.1","deoxyribose-phosphate aldolase%2C putative",-47,1
"80","PbANKA_05_v3",221772,222928,"16h-ook_GFP-AP2-O_302",1000,"-",30144.054688,68.829697,-1,680,4.3806,5.0709,3.0087,"PBANKA_0505700.1","ATP-dependent RNA helicase ROK1%2C putative",-683,2
"81","PbANKA_05_v3",249915,250490,"16h-ook_GFP-AP2-O_304",1000,"-",6014.036133,25.203192,-1,200,2.7097,2.9539,2.4156,"PBANKA_0506000.1","schizont egress antigen-1",-874,1
"82","PbANKA_05_v3",301621,302190,"16h-ook_GFP-AP2-O_307",1000,"-",6028.180176,23.30875,-1,227,2.5509,2.9493,1.9986,"PBANKA_0507200.1","conserved Plasmodium protein%2C unknown function",-428,1
"83","PbANKA_05_v3",319847,320517,"16h-ook_GFP-AP2-O_308",1000,"+",6327.58252,26.952406,-1,403,2.6088,3.0018,2.0668,"PBANKA_0507400.1","orotidine 5'-phosphate decarboxylase%2C putative",-77,1
"84","PbANKA_05_v3",325360,326102,"16h-ook_GFP-AP2-O_309",1000,"-",3526.908691,12.613153,-1,203,1.6214,2.0953,0.911,"PBANKA_0507700.1","conserved Plasmodium protein%2C unknown function",-89,1
"85","PbANKA_05_v3",349012,349403,"16h-ook_GFP-AP2-O_310",1000,"+",2410.928223,13.849669,-1,221,2.1234,2.159,2.087,"PBANKA_0508200.1","conserved Plasmodium protein%2C unknown function",-186,1
"86","PbANKA_05_v3",355195,355806,"16h-ook_GFP-AP2-O_311",1000,"-",10126.411133,33.022213,-1,287,3.2274,3.4578,2.9531,"PBANKA_0508300.1","conserved Plasmodium protein%2C unknown function",-454,1
"87","PbANKA_05_v3",363246,363895,"16h-ook_GFP-AP2-O_313",1000,"-",9729.21875,43.03289,-1,246,2.9268,3.4247,2.1605,"PBANKA_0508800.1","RAP protein%2C putative",-125,1
"88","PbANKA_05_v3",363246,363895,"16h-ook_GFP-AP2-O_313",1000,"+",9729.21875,43.03289,-1,246,2.9268,3.4247,2.1605,"PBANKA_0508900.1","conserved protein%2C unknown function",-541,2
"89","PbANKA_05_v3",387420,388311,"16h-ook_GFP-AP2-O_317",1000,"-",20951.646484,43.790958,-1,422,3.3475,3.8006,2.6832,"PBANKA_0509500.1","conserved protein%2C unknown function",-19,1
"90","PbANKA_05_v3",393914,394578,"16h-ook_GFP-AP2-O_318",1000,"-",12300.595703,39.221207,-1,375,3.1731,3.5403,2.6792,"PBANKA_0509600.1","conserved Plasmodium protein%2C unknown function",-396,1
"91","PbANKA_05_v3",426029,426704,"16h-ook_GFP-AP2-O_323",1000,"-",23070.683594,84.680122,-1,307,4.356,4.6821,3.9341,"PBANKA_0510400.1","conserved protein%2C unknown function",-206,1
"92","PbANKA_05_v3",426029,426704,"16h-ook_GFP-AP2-O_323",1000,"+",23070.683594,84.680122,-1,307,4.356,4.6821,3.9341,"PBANKA_0510500.1","conserved Plasmodium protein%2C unknown function",-544,2
"93","PbANKA_05_v3",433560,434136,"16h-ook_GFP-AP2-O_325",1000,"-",11684.59082,43.053112,-1,301,3.4318,3.9138,2.7029,"PBANKA_0510700.1","conserved Plasmodium protein%2C unknown function",-426,1
"94","PbANKA_05_v3",443926,444557,"16h-ook_GFP-AP2-O_327",1000,"+",13939.514648,49.053467,-1,282,3.8744,4.2647,3.3376,"PBANKA_0511000.1","biotin--protein ligase 1",-519,1
"95","PbANKA_05_v3",465451,466724,"16h-ook_GFP-AP2-O_333",1000,"-",11193.716797,29.693542,-1,989,3.1558,3.1826,3.1286,"PBANKA_0511700.1","meiotic recombination protein SPO11-2%2C putative",-813,1
"96","PbANKA_05_v3",500532,501775,"16h-ook_GFP-AP2-O_341",1000,"-",21419.177734,59.818012,-1,380,4.1475,4.7856,2.975,"PBANKA_0513000.1","inner membrane complex protein 1m%2C putative",-819,1
"97","PbANKA_05_v3",523757,524641,"16h-ook_GFP-AP2-O_349",1000,"-",31064.990234,71.208565,-1,441,4.4262,4.8833,3.7531,"PBANKA_0513800.1","heptatricopeptide repeat and RAP domain-containing protein%2C putative",-92,1
"98","PbANKA_05_v3",559939,560954,"16h-ook_GFP-AP2-O_355",1000,"-",42995.835938,119.937057,-1,477,5.9714,6.4321,5.2906,"PBANKA_0514900.1","ookinete surface protein P28",-354,1
"99","PbANKA_05_v3",562188,563236,"16h-ook_GFP-AP2-O_356",1000,"-",45744.40625,78.687515,-1,672,4.5517,5.0469,3.7916,"PBANKA_0515000.1","ookinete surface protein P25",-719,1
"100","PbANKA_05_v3",567280,567957,"16h-ook_GFP-AP2-O_357",1000,"+",23955.3125,81.715134,-1,325,4.5656,4.808,4.2739,"PBANKA_0515300.1","conserved Plasmodium protein%2C unknown function",-212,1
"101","PbANKA_05_v3",656666,657294,"16h-ook_GFP-AP2-O_361",1000,"+",5425.435059,16.444908,-1,383,2.3527,2.3958,2.3082,"PBANKA_0518100.1","thioredoxin-like associated protein 2%2C putative",-538,1
"102","PbANKA_05_v3",876206,876859,"16h-ook_GFP-AP2-O_373",1000,"-",5857.773438,22.954062,-1,336,2.9047,2.6485,3.1222,"PBANKA_0523700.1","conserved Plasmodium protein%2C unknown function",-731,1
"103","PbANKA_06_v3",136813,137407,"16h-ook_GFP-AP2-O_374",1000,"-",2373.117432,12.740049,-1,182,1.9284,2.0713,1.7697,"PBANKA_0601500.1","trimethylguanosine synthase%2C putative",-309,1
"104","PbANKA_06_v3",183823,184509,"16h-ook_GFP-AP2-O_382",1000,"+",13785.561523,48.954487,-1,400,3.5665,3.9142,3.1075,"PBANKA_0603100.1","conserved Plasmodium protein%2C unknown function",-278,1
"105","PbANKA_06_v3",183823,184509,"16h-ook_GFP-AP2-O_382",1000,"-",13785.561523,48.954487,-1,400,3.5665,3.9142,3.1075,"PBANKA_0603000.1","conserved Plasmodium protein%2C unknown function",-671,2
"106","PbANKA_06_v3",192115,193107,"16h-ook_GFP-AP2-O_385",1000,"-",13794.530273,38.216362,-1,632,3.1892,3.7853,2.1551,"PBANKA_0603400.1","conserved protein%2C unknown function",-476,1
"107","PbANKA_06_v3",192115,193107,"16h-ook_GFP-AP2-O_385",1000,"+",13794.530273,38.216362,-1,632,3.1892,3.7853,2.1551,"PBANKA_0603500.1","cytidine deaminase%2C putative",-851,2
"108","PbANKA_06_v3",257355,257849,"16h-ook_GFP-AP2-O_397",1000,"-",2992.999756,12.735307,-1,188,2.0342,2.0947,1.9711,"PBANKA_0604900.1","conserved Plasmodium protein%2C unknown function",-336,1
"109","PbANKA_06_v3",376478,376969,"16h-ook_GFP-AP2-O_399",1000,"-",2884.52832,13.074992,-1,256,1.5435,2.1734,0.3997,"PBANKA_0607700.1","telomere repeat-binding zinc finger protein%2C putative",-11,1
"110","PbANKA_06_v3",435175,435954,"16h-ook_GFP-AP2-O_406",1000,"+",24103.572266,66.750862,-1,466,4.2807,4.9483,3.0002,"PBANKA_0609600.1","HSP20-like chaperone%2C putative",-242,1
"111","PbANKA_06_v3",466936,468069,"16h-ook_GFP-AP2-O_409",1000,"+",38164.691406,59.488453,-1,401,4.0866,4.764,2.7673,"PBANKA_0610300.1","polyubiquitin%2C putative",-861,1
"112","PbANKA_06_v3",498451,499228,"16h-ook_GFP-AP2-O_412",1000,"-",21574.046875,55.294201,-1,316,3.6291,4.2909,2.3705,"PBANKA_0611200.1","conserved protein%2C unknown function",-260,1
"113","PbANKA_06_v3",504616,505284,"16h-ook_GFP-AP2-O_413",1000,"+",14693.995117,56.526524,-1,318,4.1167,4.481,3.6283,"PBANKA_0611500.1","conserved Plasmodium protein%2C unknown function",-759,1
"114","PbANKA_06_v3",525001,525424,"16h-ook_GFP-AP2-O_420",1000,"+",2616.834961,13.643711,-1,236,1.9611,2.1576,1.7336,"PBANKA_0612200.1","conserved Plasmodium protein%2C unknown function",-530,1
"115","PbANKA_06_v3",534234,535066,"16h-ook_GFP-AP2-O_421",1000,"+",24923.957031,55.620213,-1,314,4.1339,4.3076,3.9363,"PBANKA_0612400.1","conserved Plasmodium protein%2C unknown function",-671,1
"116","PbANKA_06_v3",555706,557834,"16h-ook_GFP-AP2-O_426",1000,"-",27280.398438,31.089376,-1,236,2.9748,3.3227,2.5155,"PBANKA_0613000.1","conserved Plasmodium protein%2C unknown function",-361,1
"117","PbANKA_06_v3",581290,581626,"16h-ook_GFP-AP2-O_429",1000,"-",1621.532104,10.753345,-1,161,1.7137,2.0932,1.1972,"PBANKA_0613400.1","30S ribosomal protein S12%2C mitochondrial%2C putative",-181,1
"118","PbANKA_06_v3",697786,698305,"16h-ook_GFP-AP2-O_435",1000,"+",3538.394287,13.709764,-1,244,2.0537,2.2348,1.8467,"PBANKA_0616200.1","conserved Plasmodium protein%2C unknown function",-487,1
"119","PbANKA_06_v3",707370,708413,"16h-ook_GFP-AP2-O_436",1000,"+",46141.851562,108.629944,-1,679,5.7621,6.176,5.1794,"PBANKA_0616500.1","conserved protein%2C unknown function",-674,1
"120","PbANKA_06_v3",707370,708413,"16h-ook_GFP-AP2-O_436",1000,"-",46141.851562,108.629944,-1,679,5.7621,6.176,5.1794,"PBANKA_0616400.1","conserved protein%2C unknown function",-983,2
"121","PbANKA_06_v3",714606,715548,"16h-ook_GFP-AP2-O_438",1000,"+",29907.240234,87.642067,-1,574,4.6705,5.3428,3.3714,"PBANKA_0616800.1","actin-related protein%2C putative",-55,1
"122","PbANKA_06_v3",741569,742406,"16h-ook_GFP-AP2-O_442",1000,"+",51238.53125,119.083923,-1,433,5.366,6.0422,4.0514,"PBANKA_0617500.1","exosome complex component CSL4%2C putative",-369,1
"123","PbANKA_06_v3",744768,745447,"16h-ook_GFP-AP2-O_444",1000,"-",3784.164307,12.551814,-1,354,1.8521,2.2703,1.2608,"PBANKA_0617600.1","pre-rRNA-processing protein ESF2%2C putative",-930,2
"124","PbANKA_06_v3",746190,747134,"16h-ook_GFP-AP2-O_445",1000,"-",18419.240234,49.838535,-1,411,3.6111,4.0857,2.899,"PBANKA_0617800.1","conserved Plasmodium protein%2C unknown function",-413,1
"125","PbANKA_06_v3",746190,747134,"16h-ook_GFP-AP2-O_445",1000,"+",18419.240234,49.838535,-1,411,3.6111,4.0857,2.899,"PBANKA_0617900.1","apoptosis-inducing factor%2C putative",-987,2
"126","PbANKA_06_v3",764025,764611,"16h-ook_GFP-AP2-O_448",1000,"+",3820.946533,14.634136,-1,199,1.9414,2.3556,1.358,"PBANKA_0618400.1","tetratricopeptide repeat protein%2C putative",-607,1
"127","PbANKA_06_v3",766000,766752,"16h-ook_GFP-AP2-O_449",1000,"+",23156.517578,63.805759,-1,378,4.2178,4.7405,3.3901,"PBANKA_0618500.1","conserved Plasmodium protein%2C unknown function",-817,1
"128","PbANKA_06_v3",781159,781808,"16h-ook_GFP-AP2-O_452",1000,"-",7668.692383,30.695719,-1,250,2.8684,3.4229,1.9561,"PBANKA_0618700.1","conserved Plasmodium protein%2C unknown function",-229,1
"129","PbANKA_06_v3",781159,781808,"16h-ook_GFP-AP2-O_452",1000,"+",7668.692383,30.695719,-1,250,2.8684,3.4229,1.9561,"PBANKA_0618800.1","ATP-dependent RNA helicase DBP7%2C putative",-907,2
"130","PbANKA_06_v3",792868,793835,"16h-ook_GFP-AP2-O_456",1000,"+",72626.703125,193.966187,-1,505,6.9987,7.6568,5.7543,"PBANKA_0619200.1","secreted ookinete protein%2C putative",-436,1
"131","PbANKA_06_v3",800655,801129,"16h-ook_GFP-AP2-O_458",1000,"+",6140.023926,29.410379,-1,210,3.0397,2.9511,3.1231,"PBANKA_0619600.1","protein pelota homolog%2C putative",-886,1
"132","PbANKA_06_v3",824135,824731,"16h-ook_GFP-AP2-O_463",1000,"-",15902.643555,55.330776,-1,287,4,4.429,3.3869,"PBANKA_0620500.1","tRNAHis guanylyltransferase%2C putative",-74,1
"133","PbANKA_06_v3",835972,836662,"16h-ook_GFP-AP2-O_466",1000,"-",11393.310547,35.695133,-1,381,3.2765,3.6601,2.7524,"PBANKA_0620900.1","conserved Plasmodium protein%2C unknown function",-768,1
"134","PbANKA_06_v3",837069,837669,"16h-ook_GFP-AP2-O_467",1000,"-",9933.984375,40.89872,-1,305,3.1555,3.6009,2.5077,"PBANKA_0621000.1","dynactin subunit 5%2C putative",-123,1
"135","PbANKA_06_v3",855225,855835,"16h-ook_GFP-AP2-O_468",1000,"+",9828.047852,32.293659,-1,285,2.5994,3.1155,1.7882,"PBANKA_0621500.1","Rab GTPase activator and protein kinase%2C putative",-254,1
"136","PbANKA_06_v3",871201,871642,"16h-ook_GFP-AP2-O_471",1000,"+",2288.147461,11.906744,-1,226,1.502,2.2323,-0.0499,"PBANKA_0621900.1","mitochondrial import inner membrane translocase subunit TIM14%2C putative",-275,1
"137","PbANKA_07_v3",113080,114197,"16h-ook_GFP-AP2-O_480",1000,"+",38724.433594,103.967491,-1,766,4.8711,5.4505,3.8877,"PBANKA_0701900.1","GPI-anchored micronemal antigen%2C putative",-713,1
"138","PbANKA_07_v3",127190,127823,"16h-ook_GFP-AP2-O_481",1000,"+",4863.538574,15.605541,-1,420,2.0803,2.2235,1.9212,"PBANKA_0702300.1","mitochondrial inner membrane protein OXA1%2C putative",-611,1
"139","PbANKA_07_v3",163513,164205,"16h-ook_GFP-AP2-O_484",1000,"-",7299.421387,27.367933,-1,346,2.8497,3.0793,2.5766,"PBANKA_0703200.1","ribosomal protein L21%2C apicoplast%2C putative",-485,1
"140","PbANKA_07_v3",166451,167629,"16h-ook_GFP-AP2-O_485",1000,"-",22977.035156,45.923599,-1,537,3.2102,3.9693,1.5092,"PBANKA_0703400.1","conserved Plasmodium protein%2C unknown function",-93,1
"141","PbANKA_07_v3",283372,284075,"16h-ook_GFP-AP2-O_488",1000,"-",13168.761719,42.965725,-1,400,3.4659,3.7483,3.1144,"PBANKA_0706500.1","exonuclease%2C putative",-400,1
"142","PbANKA_07_v3",283372,284075,"16h-ook_GFP-AP2-O_488",1000,"+",13168.761719,42.965725,-1,400,3.4659,3.7483,3.1144,"PBANKA_0706600.1","conserved Plasmodium protein%2C unknown function",-607,2
"143","PbANKA_07_v3",295490,296454,"16h-ook_GFP-AP2-O_489",1000,"+",27060.763672,64.850174,-1,603,4.4955,4.6744,4.2913,"PBANKA_0707100.1","inner membrane complex protein 1i",-706,1
"144","PbANKA_07_v3",369916,370625,"16h-ook_GFP-AP2-O_504",1000,"-",14263.460938,40.355698,-1,335,3.6875,3.4753,3.8725,"PBANKA_0709600.1","conserved protein%2C unknown function",-995,1
"145","PbANKA_07_v3",418686,419436,"16h-ook_GFP-AP2-O_517",1000,"+",10346.503906,34.284882,-1,445,3.1307,3.3589,2.8594,"PBANKA_0710900.1","U6 snRNA-associated Sm-like protein LSm3%2C putative",-969,1
"146","PbANKA_07_v3",427486,428295,"16h-ook_GFP-AP2-O_519",1000,"+",22181.289062,57.318104,-1,315,4.11,4.6954,3.1087,"PBANKA_0711100.1","conserved Plasmodium protein%2C unknown function",-521,1
"147","PbANKA_07_v3",439750,440511,"16h-ook_GFP-AP2-O_523",1000,"-",19802.578125,64.42234,-1,319,4.3518,4.8293,3.6329,"PBANKA_0711400.1","perforin-like protein 4",-318,1
"148","PbANKA_07_v3",447002,447650,"16h-ook_GFP-AP2-O_524",1000,"-",21827.195312,75.118454,-1,278,4.606,5.1327,3.7678,"PBANKA_0711600.1","perforin-like protein 5",-698,1
"149","PbANKA_07_v3",457160,457749,"16h-ook_GFP-AP2-O_526",1000,"-",10898.212891,40.463951,-1,292,3.3043,4.0075,1.8773,"PBANKA_0711900.1","heat shock protein 70",-790,1
"150","PbANKA_07_v3",465624,466737,"16h-ook_GFP-AP2-O_528",1000,"+",10419.016602,27.641586,-1,562,2.651,3.3432,1.271,"PBANKA_0712200.1","BEM46-like protein%2C putative",-861,1
"151","PbANKA_07_v3",472356,473230,"16h-ook_GFP-AP2-O_529",1000,"-",3456.222656,12.002304,-1,257,2.0394,2.0192,2.0593,"PBANKA_0712300.1","zinc finger protein%2C putative",-727,1
"152","PbANKA_07_v3",479531,480133,"16h-ook_GFP-AP2-O_531",1000,"-",9852.713867,40.060703,-1,297,3.4343,3.7674,3.0004,"PBANKA_0712500.1","dynactin subunit 6%2C putative",-649,1
"153","PbANKA_07_v3",504462,505062,"16h-ook_GFP-AP2-O_535",1000,"+",9283.070312,34.922436,-1,280,3.1859,3.6309,2.5389,"PBANKA_0713200.1","conserved protein%2C unknown function",-470,1
"154","PbANKA_07_v3",530339,530737,"16h-ook_GFP-AP2-O_538",1000,"-",2931.477783,17.070999,-1,207,2.3165,2.2828,2.3494,"PBANKA_0713800.1","NEDD8-activating enzyme E1 catalytic subunit%2C putative",-406,1
"155","PbANKA_07_v3",532883,533550,"16h-ook_GFP-AP2-O_539",1000,"+",7351.060059,26.397161,-1,412,2.6816,3.0822,2.125,"PBANKA_0714000.1","meiotic recombination protein DMC1",-64,1
"156","PbANKA_07_v3",542256,543166,"16h-ook_GFP-AP2-O_540",1000,"-",21618.779297,46.879707,-1,597,3.4363,3.8339,2.8856,"PBANKA_0714300.1","small heat shock protein HSP20",-913,1
"157","PbANKA_07_v3",545422,546233,"16h-ook_GFP-AP2-O_541",1000,"+",20609.609375,59.00882,-1,418,4.0724,4.541,3.3741,"PBANKA_0714500.1","conserved Plasmodium protein%2C unknown function",-148,1
"158","PbANKA_07_v3",616414,617109,"16h-ook_GFP-AP2-O_549",1000,"-",21479.994141,72.560036,-1,364,4.4295,4.676,4.1319,"PBANKA_0716800.1","conserved Plasmodium protein%2C unknown function",-390,1
"159","PbANKA_07_v3",638287,639197,"16h-ook_GFP-AP2-O_552",1000,"-",19761.685547,57.139957,-1,322,3.618,4.1853,2.6698,"PBANKA_0717600.1","GTP:AMP phosphotransferase%2C putative",-624,1
"160","PbANKA_07_v3",642684,643408,"16h-ook_GFP-AP2-O_554",1000,"-",4136.970703,14.026402,-1,337,1.8702,2.0406,1.6769,"PBANKA_0717800.1","60S ribosomal protein L15%2C putative",-703,1
"161","PbANKA_07_v3",659807,660491,"16h-ook_GFP-AP2-O_560",1000,"-",15604.371094,48.334564,-1,361,3.6875,3.9989,3.29,"PBANKA_0718300.1","DNA helicase MCM9%2C putative",-644,1
"162","PbANKA_07_v3",670071,671113,"16h-ook_GFP-AP2-O_561",1000,"-",13822.538086,35.468838,-1,403,3.0028,3.4154,2.4226,"PBANKA_0718700.1","CDGSH iron-sulfur domain-containing protein%2C putative",-531,1
"163","PbANKA_07_v3",670071,671113,"16h-ook_GFP-AP2-O_561",1000,"+",13822.538086,35.468838,-1,403,3.0028,3.4154,2.4226,"PBANKA_0718800.1","small GTP-binding protein sar1%2C putative",-993,2
"164","PbANKA_07_v3",678959,680349,"16h-ook_GFP-AP2-O_564",1000,"-",13448.821289,31.469198,-1,361,2.9661,3.4302,2.2778,"PBANKA_0718900.1","conserved Plasmodium protein%2C unknown function",-383,1
"165","PbANKA_07_v3",766656,767417,"16h-ook_GFP-AP2-O_578",1000,"+",17076.503906,47.369453,-1,423,3.7479,4.1209,3.2435,"PBANKA_0721000.1","conserved protein%2C unknown function",-760,1
"166","PbANKA_08_v3",28635,29756,"16h-ook_GFP-AP2-O_580",1000,"+",75048.710938,141.499313,-1,629,6.1762,6.7526,5.2016,"PBANKA_0800500.1","chitinase",-456,1
"167","PbANKA_08_v3",353028,353579,"16h-ook_GFP-AP2-O_584",1000,"-",11060.368164,41.822735,-1,321,3.5911,3.7672,3.3904,"PBANKA_0807200.1","conserved Plasmodium protein%2C unknown function",-546,1
"168","PbANKA_08_v3",394612,395237,"16h-ook_GFP-AP2-O_587",1000,"+",13031.550781,40.874329,-1,349,3.5311,3.5803,3.4802,"PBANKA_0808000.1","cdc2-related protein kinase 4%2C putative",-192,1
"169","PbANKA_08_v3",405215,405701,"16h-ook_GFP-AP2-O_589",1000,"+",6979.336914,29.703604,-1,274,2.9166,3.1753,2.6012,"PBANKA_0808200.1","proteasome subunit alpha type-3%2C putative",-285,1
"170","PbANKA_08_v3",437044,437727,"16h-ook_GFP-AP2-O_593",1000,"-",13387.768555,47.45295,-1,317,3.6164,4.2244,2.5453,"PBANKA_0809300.1","peptide deformylase%2C putative",-326,1
"171","PbANKA_08_v3",439486,439931,"16h-ook_GFP-AP2-O_594",1000,"-",3289.241211,17.19519,-1,195,2.5219,2.2267,2.7668,"PBANKA_0809400.1","plasma membrane protein 1",-66,1
"172","PbANKA_08_v3",468508,469341,"16h-ook_GFP-AP2-O_599",1000,"-",13412.59668,47.389904,-1,431,3.5921,3.9068,3.1891,"PBANKA_0810200.1","conserved Plasmodium protein%2C unknown function",-835,1
"173","PbANKA_08_v3",468508,469341,"16h-ook_GFP-AP2-O_599",1000,"+",13412.59668,47.389904,-1,431,3.5921,3.9068,3.1891,"PBANKA_0810300.1","conserved Plasmodium protein%2C unknown function",-936,2
"174","PbANKA_08_v3",481455,481930,"16h-ook_GFP-AP2-O_601",1000,"+",5666.420898,24.50844,-1,227,2.6159,3.1072,1.8652,"PBANKA_0810700.1","subpellicular microtubule protein 1%2C putative",-765,1
"175","PbANKA_08_v3",613951,614766,"16h-ook_GFP-AP2-O_604",1000,"-",4245.394043,16.363192,-1,215,2.033,2.661,0.8957,"PBANKA_0814300.1","conserved protein%2C unknown function",-277,1
"176","PbANKA_08_v3",624764,625377,"16h-ook_GFP-AP2-O_605",1000,"+",10660.363281,35.750999,-1,290,2.7816,3.47,1.4179,"PBANKA_0814800.1","conserved Plasmodium protein%2C unknown function",-651,1
"177","PbANKA_08_v3",643806,644252,"16h-ook_GFP-AP2-O_608",1000,"-",2450.477051,13.928839,-1,265,1.9764,2.1543,1.7735,"PBANKA_0815300.1","met-10+ like protein%2C putative",-460,1
"178","PbANKA_08_v3",669385,670121,"16h-ook_GFP-AP2-O_612",1000,"+",21979.375,75.818817,-1,422,3.9913,4.6642,2.6897,"PBANKA_0816200.1","ribonuclease H2 subunit C%2C putative",-53,1
"179","PbANKA_08_v3",679124,680363,"16h-ook_GFP-AP2-O_614",1000,"+",24860.855469,44.830872,-1,904,3.5607,4.1091,2.665,"PBANKA_0816500.1","conserved Plasmodium protein%2C unknown function",-379,1
"180","PbANKA_08_v3",737242,737821,"16h-ook_GFP-AP2-O_616",1000,"+",12887.921875,47.57457,-1,277,3.7607,4.1677,3.1917,"PBANKA_0818400.1","conserved Plasmodium protein%2C unknown function",-633,1
"181","PbANKA_08_v3",754656,755242,"16h-ook_GFP-AP2-O_617",1000,"+",5296.197266,19.531975,-1,257,2.3893,2.7213,1.9572,"PBANKA_0818900.1","endoplasmic reticulum chaperone BiP%2C putative",-494,1
"182","PbANKA_08_v3",787797,788249,"16h-ook_GFP-AP2-O_620",1000,"-",2415.33252,13.545278,-1,158,1.9681,2.2107,1.6764,"PBANKA_0819700.1","dihydrouridine synthase%2C putative",-31,1
"183","PbANKA_08_v3",804745,805519,"16h-ook_GFP-AP2-O_622",1000,"+",28488.736328,72.709335,-1,386,4.648,5.2127,3.7069,"PBANKA_0820200.1","thioredoxin-like protein 1%2C putative",-462,1
"184","PbANKA_08_v3",836201,837011,"16h-ook_GFP-AP2-O_625",1000,"-",14061.022461,43.925823,-1,445,3.4014,3.8834,2.6723,"PBANKA_0821000.1","chaperone%2C putative",-827,1
"185","PbANKA_08_v3",839010,839514,"16h-ook_GFP-AP2-O_627",1000,"-",5360.89502,27.000818,-1,227,2.3769,2.7895,1.7966,"PBANKA_0821100.1","CS domain protein%2C putative",-20,1
"186","PbANKA_08_v3",839010,839514,"16h-ook_GFP-AP2-O_627",1000,"+",5360.89502,27.000818,-1,227,2.3769,2.7895,1.7966,"PBANKA_0821200.1","conserved Plasmodium protein%2C unknown function",-826,2
"187","PbANKA_08_v3",841102,841968,"16h-ook_GFP-AP2-O_628",1000,"+",16645.007812,39.634808,-1,393,3.1589,3.73,2.1996,"PBANKA_0821300.1","conserved Plasmodium protein%2C unknown function",-405,1
"188","PbANKA_08_v3",889903,890633,"16h-ook_GFP-AP2-O_635",1000,"+",18296.09375,64.550835,-1,329,3.0556,3.8015,1.4251,"PBANKA_0822900.1","dynein intermediate chain%2C putative",-825,2
"189","PbANKA_08_v3",904706,905448,"16h-ook_GFP-AP2-O_637",1000,"+",7829.505371,21.612028,-1,376,2.3885,2.8862,1.6225,"PBANKA_0823200.1","conserved protein%2C unknown function",-68,1
"190","PbANKA_08_v3",942208,942930,"16h-ook_GFP-AP2-O_642",1000,"+",17843.859375,59.949059,-1,394,4.0518,4.5488,3.2874,"PBANKA_0824200.1","perforin-like protein 3",-723,1
"191","PbANKA_08_v3",972503,973064,"16h-ook_GFP-AP2-O_648",1000,"-",7792.087891,34.425289,-1,245,2.8554,3.4454,1.8403,"PBANKA_0825000.1","conserved Plasmodium protein%2C unknown function",-446,1
"192","PbANKA_08_v3",972503,973064,"16h-ook_GFP-AP2-O_648",1000,"+",7792.087891,34.425289,-1,245,2.8554,3.4454,1.8403,"PBANKA_0825100.1","heptatricopeptide repeat-containing protein%2C putative",-703,2
"193","PbANKA_08_v3",996919,997457,"16h-ook_GFP-AP2-O_653",1000,"+",2619.672363,10.561162,-1,161,1.5374,2.0195,0.808,"PBANKA_0825700.1","telomeric repeat binding factor 1%2C putative",-381,1
"194","PbANKA_08_v3",1002503,1003095,"16h-ook_GFP-AP2-O_654",1000,"-",8270.294922,32.151501,-1,260,3.0663,3.4141,2.6071,"PBANKA_0825900.1","conserved Plasmodium protein%2C unknown function",-557,1
"195","PbANKA_08_v3",1017125,1018217,"16h-ook_GFP-AP2-O_657",1000,"-",36329.601562,58.648926,-1,796,4.0947,4.7364,2.9099,"PBANKA_0826500.1","histone deacetylase 1%2C putative",-962,1
"196","PbANKA_08_v3",1075447,1076076,"16h-ook_GFP-AP2-O_662",1000,"-",8886.932617,34.942883,-1,249,3.1281,3.5491,2.531,"PBANKA_0827600.1","conserved Plasmodium protein%2C unknown function",-215,1
"197","PbANKA_08_v3",1119870,1120509,"16h-ook_GFP-AP2-O_669",1000,"+",15321.478516,56.00927,-1,328,3.6824,4.0931,3.106,"PBANKA_0829200.1","conserved Plasmodium protein%2C unknown function",-188,1
"198","PbANKA_08_v3",1129040,1129546,"16h-ook_GFP-AP2-O_672",1000,"+",4267.35791,21.480232,-1,259,2.5523,2.8206,2.2225,"PBANKA_0829600.1","serine/threonine protein kinase%2C putative",-330,1
"199","PbANKA_08_v3",1153636,1154206,"16h-ook_GFP-AP2-O_674",1000,"-",8688.204102,33.553547,-1,274,3.3222,3.4083,3.2306,"PBANKA_0830400.1","G2 protein",-595,1
"200","PbANKA_08_v3",1164396,1165049,"16h-ook_GFP-AP2-O_675",1000,"-",10163.138672,35.230061,-1,231,2.9137,3.4865,1.9496,"PBANKA_0830800.1","heptatricopeptide repeat-containing protein%2C putative",-317,1
"201","PbANKA_08_v3",1229335,1230088,"16h-ook_GFP-AP2-O_677",1000,"+",9230.944336,32.142109,-1,384,2.9582,3.607,1.7475,"PBANKA_0832400.1","conserved protein%2C unknown function",-30,1
"202","PbANKA_08_v3",1238194,1238954,"16h-ook_GFP-AP2-O_679",1000,"+",26157.847656,80.462952,-1,400,4.3444,4.874,3.4986,"PBANKA_0832800.1","conserved Plasmodium protein%2C unknown function",-536,1
"203","PbANKA_08_v3",1249794,1250356,"16h-ook_GFP-AP2-O_681",1000,"-",3026.900635,14.187572,-1,155,2.0415,2.2948,1.7341,"PBANKA_0833100.1","M18 aspartyl aminopeptidase%2C putative",-191,1
"204","PbANKA_08_v3",1254937,1255680,"16h-ook_GFP-AP2-O_683",1000,"-",24540.548828,81.947792,-1,392,4.7112,5.3734,3.4511,"PBANKA_0833300.1","palmitoyltransferase DHHC6%2C putative",-488,1
"205","PbANKA_08_v3",1267103,1267709,"16h-ook_GFP-AP2-O_684",1000,"-",5573.535156,25.442307,-1,320,2.5462,3.0624,1.7347,"PBANKA_0833700.1","conserved Plasmodium protein%2C unknown function",-224,1
"206","PbANKA_08_v3",1279471,1280135,"16h-ook_GFP-AP2-O_687",1000,"+",21349.662109,77.903275,-1,300,3.8362,4.4971,2.5812,"PBANKA_0834200.1","conserved Plasmodium protein%2C unknown function",-366,1
"207","PbANKA_08_v3",1294294,1295153,"16h-ook_GFP-AP2-O_691",1000,"-",12998.566406,41.782349,-1,420,3.5438,3.7846,3.2546,"PBANKA_0834700.1","conserved Plasmodium protein%2C unknown function",-384,1
"208","PbANKA_08_v3",1297426,1297841,"16h-ook_GFP-AP2-O_692",1000,"+",2484.075928,14.131438,-1,180,1.9252,2.1965,1.5908,"PBANKA_0834900.1","TFIIH basal transcription factor complex helicase XPD subunit%2C putative",-210,1
"209","PbANKA_08_v3",1297426,1297841,"16h-ook_GFP-AP2-O_692",1000,"-",2484.075928,14.131438,-1,180,1.9252,2.1965,1.5908,"PBANKA_0834800.1","histidine--tRNA ligase%2C putative",-835,2
"210","PbANKA_09_v3",160693,161426,"16h-ook_GFP-AP2-O_701",1000,"-",10607.525391,33.754494,-1,422,3.1722,3.5363,2.684,"PBANKA_0904500.1","SUMO-activating enzyme subunit 1%2C putative",-274,1
"211","PbANKA_09_v3",166999,167953,"16h-ook_GFP-AP2-O_704",1000,"+",4876.057617,19.870846,-1,742,2.3909,2.6798,2.0294,"PBANKA_0904800.1","conserved Plasmodium protein%2C unknown function",-932,2
"212","PbANKA_09_v3",202974,203456,"16h-ook_GFP-AP2-O_712",1000,"-",3844.030762,16.818663,-1,225,2.1385,2.5215,1.6154,"PBANKA_0906000.1","alpha/beta hydrolase%2C putative",-259,1
"213","PbANKA_09_v3",205138,205958,"16h-ook_GFP-AP2-O_713",1000,"-",12867.287109,27.136843,-1,555,2.849,3.1428,2.4796,"PBANKA_0906100.1","conserved Plasmodium protein%2C unknown function",-576,1
"214","PbANKA_09_v3",206953,207838,"16h-ook_GFP-AP2-O_714",1000,"-",8598.299805,17.826511,-1,241,1.9368,2.2724,1.4988,"PBANKA_0906200.1","ATP synthase-associated protein%2C putative",-99,1
"215","PbANKA_09_v3",206953,207838,"16h-ook_GFP-AP2-O_714",1000,"+",8598.299805,17.826511,-1,241,1.9368,2.2724,1.4988,"PBANKA_0906300.1","methyltransferase%2C putative",-901,2
"216","PbANKA_09_v3",223752,224376,"16h-ook_GFP-AP2-O_718",1000,"+",3524.105957,13.17265,-1,242,1.8474,2.3295,1.1184,"PBANKA_0906800.1","conserved Plasmodium protein%2C unknown function",-366,1
"217","PbANKA_09_v3",238590,238988,"16h-ook_GFP-AP2-O_720",1000,"+",2676.495117,13.410536,-1,227,1.8927,2.0737,1.6858,"PBANKA_0907100.1","inner membrane complex protein 1b",-487,1
"218","PbANKA_09_v3",238590,238988,"16h-ook_GFP-AP2-O_720",1000,"-",2676.495117,13.410536,-1,227,1.8927,2.0737,1.6858,"PBANKA_0907000.1","heptatricopeptide repeat-containing protein%2C putative",-866,2
"219","PbANKA_09_v3",303593,304370,"16h-ook_GFP-AP2-O_722",1000,"-",15109.177734,42.912689,-1,281,3.5646,3.9559,3.0262,"PBANKA_0908600.1","conserved Plasmodium protein%2C unknown function",-301,1
"220","PbANKA_09_v3",590305,591499,"16h-ook_GFP-AP2-O_729",1000,"-",17101.183594,48.776848,-1,632,3.5938,3.938,3.1408,"PBANKA_0915400.1","conserved Plasmodium protein%2C unknown function",-919,2
"221","PbANKA_09_v3",602977,603783,"16h-ook_GFP-AP2-O_730",1000,"+",35899.476562,95.898293,-1,413,5.3404,5.7905,4.6827,"PBANKA_0916000.1","conserved Plasmodium protein%2C unknown function",-464,1
"222","PbANKA_09_v3",622357,623019,"16h-ook_GFP-AP2-O_733",1000,"+",11110.195312,39.322182,-1,373,3.4746,3.7151,3.1857,"PBANKA_0916500.1","conserved Plasmodium protein%2C unknown function",-977,1
"223","PbANKA_09_v3",633317,634304,"16h-ook_GFP-AP2-O_735",1000,"+",18785.113281,36.425133,-1,325,3.4243,3.4443,3.4039,"PBANKA_0916700.1","conserved Plasmodium protein%2C unknown function",-927,1
"224","PbANKA_09_v3",641539,642096,"16h-ook_GFP-AP2-O_736",1000,"+",4953.771484,21.096043,-1,307,2.2721,2.7236,1.6113,"PBANKA_0916900.1","conserved Plasmodium protein%2C unknown function",-272,1
"225","PbANKA_09_v3",645878,646537,"16h-ook_GFP-AP2-O_737",1000,"-",8503.204102,31.831097,-1,271,2.975,3.2415,2.6479,"PBANKA_0917000.1","conserved Plasmodium protein%2C unknown function",-414,1
"226","PbANKA_09_v3",645878,646537,"16h-ook_GFP-AP2-O_737",1000,"+",8503.204102,31.831097,-1,271,2.975,3.2415,2.6479,"PBANKA_0917100.1","serpentine receptor%2C putative",-796,2
"227","PbANKA_09_v3",667044,667510,"16h-ook_GFP-AP2-O_742",1000,"-",3995.86792,19.776138,-1,233,1.9199,2.5617,0.7345,"PBANKA_0917700.1","methyltransferase%2C putative",-356,1
"228","PbANKA_09_v3",678306,679012,"16h-ook_GFP-AP2-O_744",1000,"+",8487.568359,27.793425,-1,272,2.5697,3.0771,1.7802,"PBANKA_0918100.1","60S ribosomal protein L38%2C putative",-756,1
"229","PbANKA_09_v3",748318,748847,"16h-ook_GFP-AP2-O_747",1000,"-",2499.213135,11.606509,-1,316,1.9393,2.0235,1.8499,"PBANKA_0920300.1","conserved Plasmodium protein%2C unknown function",-413,1
"230","PbANKA_09_v3",776542,777381,"16h-ook_GFP-AP2-O_749",1000,"-",27070.824219,70.145203,-1,340,4.599,5.0723,3.8899,"PBANKA_0921200.1","conserved Plasmodium protein%2C unknown function",-349,1
"231","PbANKA_09_v3",787956,788593,"16h-ook_GFP-AP2-O_753",1000,"-",7355.642578,25.601147,-1,221,2.6325,3.2859,1.4051,"PBANKA_0921600.1","RNA-binding protein%2C putative",-410,1
"232","PbANKA_09_v3",803486,804257,"16h-ook_GFP-AP2-O_756",1000,"-",5896.141602,15.895178,-1,568,1.8739,2.4485,0.9046,"PBANKA_0921900.1","WD repeat-containing protein%2C putative",-989,1
"233","PbANKA_09_v3",809185,810500,"16h-ook_GFP-AP2-O_758",1000,"+",17120.628906,43.833656,-1,1043,3.4684,3.8341,2.9772,"PBANKA_0922200.1","autophagy-related protein 7%2C putative",-818,1
"234","PbANKA_09_v3",818075,818962,"16h-ook_GFP-AP2-O_759",1000,"-",18446.681641,39.981808,-1,293,3.2583,3.6083,2.7952,"PBANKA_0922400.1","XTBD domain-containing protein%2C putative",-140,1
"235","PbANKA_09_v3",820312,820907,"16h-ook_GFP-AP2-O_760",1000,"+",7978.625977,31.178457,-1,314,3.0926,3.3228,2.8185,"PBANKA_0922500.1","kelch domain-containing protein%2C putative",-172,1
"236","PbANKA_09_v3",829001,829604,"16h-ook_GFP-AP2-O_762",1000,"+",7938.815918,30.451586,-1,294,2.947,3.4254,2.2263,"PBANKA_0922800.1","small nuclear ribonucleoprotein Sm D1%2C putative",-266,1
"237","PbANKA_09_v3",851022,851918,"16h-ook_GFP-AP2-O_767",1000,"+",6122.836426,17.106136,-1,287,2.169,2.3919,1.9051,"PBANKA_0923600.1","GrpE protein homolog%2C mitochondrial%2C putative",-177,1
"238","PbANKA_09_v3",943546,944184,"16h-ook_GFP-AP2-O_774",1000,"+",10270.523438,36.389603,-1,308,3.1801,3.2217,3.1372,"PBANKA_0925600.1","conserved Plasmodium protein%2C unknown function",-816,1
"239","PbANKA_09_v3",980861,981361,"16h-ook_GFP-AP2-O_776",1000,"+",7579.373047,29.223473,-1,256,2.6581,2.4236,2.8597,"PBANKA_0926500.1","peptidase M16%2C putative",-465,1
"240","PbANKA_09_v3",1051511,1052059,"16h-ook_GFP-AP2-O_781",1000,"+",3546.774658,14.720417,-1,181,2.1051,2.0629,2.1462,"PBANKA_0928500.1","ATP-dependent zinc metalloprotease FTSH%2C putative",-421,1
"241","PbANKA_09_v3",1064762,1065443,"16h-ook_GFP-AP2-O_783",1000,"+",24999.722656,78.227951,-1,414,4.631,4.8436,4.3817,"PBANKA_0928800.1","splicing factor U2AF small subunit%2C putative",-85,1
"242","PbANKA_09_v3",1070678,1071290,"16h-ook_GFP-AP2-O_785",1000,"+",11161.009766,44.297314,-1,321,3.5713,3.8868,3.1669,"PBANKA_0929100.1","acyl-CoA-binding protein%2C putative",-65,1
"243","PbANKA_09_v3",1104361,1104921,"16h-ook_GFP-AP2-O_790",1000,"-",11015.438477,43.148972,-1,281,3.6339,3.6706,3.5963,"PBANKA_0930100.1","conserved Plasmodium protein%2C unknown function",-101,1
"244","PbANKA_09_v3",1111087,1111735,"16h-ook_GFP-AP2-O_791",1000,"+",4895.725098,18.431458,-1,194,2.3264,2.5771,2.0229,"PBANKA_0930300.1","GTP-binding nuclear protein RAN/TC4%2C putative",-50,1
"245","PbANKA_09_v3",1133248,1133825,"16h-ook_GFP-AP2-O_794",1000,"+",10539.431641,38.187553,-1,311,3.3025,3.5088,3.0617,"PBANKA_0931100.1","conserved protein%2C unknown function",-396,1
"246","PbANKA_09_v3",1296952,1297488,"16h-ook_GFP-AP2-O_799",1000,"-",5045.926758,19.908371,-1,286,2.52,2.6265,2.405,"PBANKA_0935500.1","conserved Plasmodium protein%2C unknown function",-956,1
"247","PbANKA_09_v3",1310789,1311276,"16h-ook_GFP-AP2-O_800",1000,"+",3305.967773,14.588721,-1,242,1.868,2.4651,0.8312,"PBANKA_0936200.1","conserved Plasmodium protein%2C unknown function",-92,1
"248","PbANKA_09_v3",1321140,1321674,"16h-ook_GFP-AP2-O_802",1000,"-",2959.816162,11.418308,-1,351,1.7029,2.3144,0.6202,"PBANKA_0936600.1","conserved Plasmodium protein%2C unknown function",-383,1
"249","PbANKA_09_v3",1321140,1321674,"16h-ook_GFP-AP2-O_802",1000,"+",2959.816162,11.418308,-1,351,1.7029,2.3144,0.6202,"PBANKA_0936700.1","ES2 protein%2C putative",-617,2
"250","PbANKA_09_v3",1391228,1391698,"16h-ook_GFP-AP2-O_810",1000,"-",6311.751953,29.643198,-1,242,2.5465,3.0575,1.7478,"PBANKA_0938800.1","conserved Plasmodium protein%2C unknown function",-259,1
"251","PbANKA_09_v3",1408654,1409173,"16h-ook_GFP-AP2-O_811",1000,"+",5287.188477,22.338175,-1,286,2.5362,2.9916,1.867,"PBANKA_0939100.1","AP2 domain transcription factor%2C putative",-784,1
"252","PbANKA_09_v3",1489064,1489947,"16h-ook_GFP-AP2-O_818",1000,"-",31729.748047,79.769478,-1,452,4.5439,5.1425,3.5022,"PBANKA_0941100.1","conserved Apicomplexan protein%2C unknown function",-951,1
"253","PbANKA_09_v3",1509864,1511262,"16h-ook_GFP-AP2-O_821",1000,"-",33306.6875,66.976944,-1,1046,3.9741,4.6064,2.8221,"PBANKA_0941800.1","histone H2B%2C putative",-364,1
"254","PbANKA_09_v3",1511992,1513652,"16h-ook_GFP-AP2-O_822",1000,"+",38714.410156,82.505806,-1,1339,4.23,4.9041,2.9239,"PBANKA_0941900.1","histone H4%2C putative",-287,1
"255","PbANKA_09_v3",1545936,1546359,"16h-ook_GFP-AP2-O_827",1000,"+",2785.101074,14.376127,-1,201,1.9954,2.1139,1.8662,"PBANKA_0942800.1","syntaxin%2C putative",-947,1
"256","PbANKA_10_v3",307250,307912,"16h-ook_GFP-AP2-O_829",1000,"+",14347.829102,49.745491,-1,360,3.8906,4.3225,3.2712,"PBANKA_1006200.1","sporozoite invasion-associated protein 1",-852,1
"257","PbANKA_10_v3",318429,319036,"16h-ook_GFP-AP2-O_830",1000,"-",16864.820312,62.184113,-1,311,4.2677,4.7685,3.4944,"PBANKA_1006400.1","conserved Plasmodium protein%2C unknown function",-350,1
"258","PbANKA_10_v3",318429,319036,"16h-ook_GFP-AP2-O_830",1000,"+",16864.820312,62.184113,-1,311,4.2677,4.7685,3.4944,"PBANKA_1006500.1","tRNA N6-adenosine threonylcarbamoyltransferase%2C putative",-870,2
"259","PbANKA_10_v3",453019,453669,"16h-ook_GFP-AP2-O_831",1000,"-",18420.359375,60.823467,-1,316,4.2721,4.8218,3.3729,"PBANKA_1009900.1","conserved Plasmodium protein%2C unknown function",-294,1
"260","PbANKA_10_v3",579026,579657,"16h-ook_GFP-AP2-O_839",1000,"+",15346.161133,59.729908,-1,321,3.9348,4.4608,3.0987,"PBANKA_1012600.1","conserved Plasmodium protein%2C unknown function",-420,1
"261","PbANKA_10_v3",604229,605126,"16h-ook_GFP-AP2-O_845",1000,"-",37868.992188,110.52433,-1,475,5.238,5.7897,4.3335,"PBANKA_1013200.1","succinyl-CoA ligase [ADP-forming] subunit beta%2C putative",-707,1
"262","PbANKA_10_v3",622339,623020,"16h-ook_GFP-AP2-O_846",1000,"-",17564.171875,57.314983,-1,305,4.1486,4.345,3.9213,"PBANKA_1013900.1","PhIL1 interacting protein PIP3%2C putative",-698,1
"263","PbANKA_10_v3",627881,628639,"16h-ook_GFP-AP2-O_848",1000,"-",16993.023438,45.417427,-1,283,3.2747,3.7403,2.5828,"PBANKA_1014100.1","endonuclease/exonuclease/phosphatase family protein%2C putative",-138,1
"264","PbANKA_10_v3",646864,648253,"16h-ook_GFP-AP2-O_851",1000,"+",8421.556641,18.781246,-1,296,2.3561,2.6391,2.0037,"PBANKA_1014700.1","conserved protein%2C unknown function",-147,1
"265","PbANKA_10_v3",685192,686029,"16h-ook_GFP-AP2-O_860",1000,"+",19527.982422,54.37151,-1,615,3.7429,3.9083,3.5561,"PBANKA_1015800.1","conserved Plasmodium protein%2C unknown function",-219,1
"266","PbANKA_10_v3",723694,724293,"16h-ook_GFP-AP2-O_862",1000,"-",9849.683594,35.886131,-1,258,2.7468,3.3821,1.5844,"PBANKA_1017000.1","CorA-like Mg2+ transporter protein%2C putative",-838,1
"267","PbANKA_10_v3",763205,763815,"16h-ook_GFP-AP2-O_864",1000,"+",2417.235107,11.999484,-1,385,1.7305,2.1273,1.1812,"PBANKA_1017900.1","phosphoenolpyruvate carboxylase",-64,1
"268","PbANKA_10_v3",799084,799750,"16h-ook_GFP-AP2-O_871",1000,"+",7459.905273,23.148836,-1,425,2.6963,2.8278,2.5515,"PBANKA_1019200.1","conserved Plasmodium protein%2C unknown function",-63,1
"269","PbANKA_10_v3",799084,799750,"16h-ook_GFP-AP2-O_871",1000,"-",7459.905273,23.148836,-1,425,2.6963,2.8278,2.5515,"PBANKA_1019100.1","DEAD/DEAH box helicase%2C putative",-819,2
"270","PbANKA_10_v3",855082,855722,"16h-ook_GFP-AP2-O_879",1000,"-",18527.962891,66.373421,-1,317,4.0625,4.4434,3.5435,"PBANKA_1020500.1","14-3-3 protein%2C putative",-401,1
"271","PbANKA_10_v3",864253,865466,"16h-ook_GFP-AP2-O_881",1000,"-",20931.457031,55.427864,-1,899,3.9888,4.3945,3.4222,"PBANKA_1020800.1","conserved Plasmodium protein%2C unknown function",-283,1
"272","PbANKA_10_v3",873143,873556,"16h-ook_GFP-AP2-O_882",1000,"-",2484.806152,13.289111,-1,163,1.7433,2.0898,1.2865,"PBANKA_1021000.1","conserved Plasmodium protein%2C unknown function",-278,1
"273","PbANKA_10_v3",876152,877073,"16h-ook_GFP-AP2-O_883",1000,"+",25446.347656,78.53231,-1,634,4.5025,4.6572,4.3292,"PBANKA_1021200.1","conserved Plasmodium protein%2C unknown function",-24,1
"274","PbANKA_10_v3",934804,935675,"16h-ook_GFP-AP2-O_890",1000,"+",16639.46875,55.555008,-1,310,3.6129,4.0637,2.9536,"PBANKA_1023400.1","glutathione reductase%2C putative",-950,1
"275","PbANKA_10_v3",980272,981045,"16h-ook_GFP-AP2-O_892",1000,"-",28011.277344,91.560516,-1,347,4.88,5.4611,3.8913,"PBANKA_1024400.1","calmodulin%2C putative",-505,1
"276","PbANKA_10_v3",1059681,1060383,"16h-ook_GFP-AP2-O_893",1000,"-",12761.608398,42.747093,-1,400,3.5696,3.8612,3.2039,"PBANKA_1025700.1","inner membrane complex protein 1l%2C putative",-821,1
"277","PbANKA_10_v3",1409564,1410070,"16h-ook_GFP-AP2-O_908",1000,"-",5861.30127,22.970213,-1,248,2.6245,2.8499,2.3573,"PBANKA_1034500.1","conserved protein%2C unknown function",-421,1
"278","PbANKA_10_v3",1472145,1473142,"16h-ook_GFP-AP2-O_914",1000,"-",27310.574219,56.349895,-1,542,3.8582,4.4375,2.8751,"PBANKA_1036200.1","RNA-binding protein 8A%2C putative",-29,1
"279","PbANKA_10_v3",1476629,1477072,"16h-ook_GFP-AP2-O_915",1000,"-",2287.608887,13.09982,-1,259,2.0849,2.1014,2.0682,"PBANKA_1036300.1","RNA-binding protein%2C putative",-141,1
"280","PbANKA_10_v3",1476629,1477072,"16h-ook_GFP-AP2-O_915",1000,"+",2287.608887,13.09982,-1,259,2.0849,2.1014,2.0682,"PBANKA_1036400.1","ribosome biogenesis protein BOP1%2C putative",-887,2
"281","PbANKA_10_v3",1524765,1525755,"16h-ook_GFP-AP2-O_919",1000,"-",53898.988281,103.615593,-1,416,5.2348,6.0091,3.4471,"PBANKA_1037800.1","secreted ookinete adhesive protein",-560,1
"282","PbANKA_11_v3",140547,141174,"16h-ook_GFP-AP2-O_922",1000,"-",15017.124023,58.778038,-1,328,3.9581,4.1541,3.7313,"PBANKA_1103200.1","protein kinase%2C putative",-129,1
"283","PbANKA_11_v3",163562,164156,"16h-ook_GFP-AP2-O_925",1000,"-",8712.819336,34.338707,-1,273,2.8295,3.1246,2.4582,"PBANKA_1103900.1","conserved Plasmodium protein%2C unknown function",-359,1
"284","PbANKA_11_v3",169485,170266,"16h-ook_GFP-AP2-O_926",1000,"+",18061.617188,49.801571,-1,304,3.6465,3.8154,3.4552,"PBANKA_1104200.1","2-oxoisovalerate dehydrogenase subunit beta%2C mitochondrial%2C putative",-642,1
"285","PbANKA_11_v3",210286,210729,"16h-ook_GFP-AP2-O_933",1000,"+",2921.52124,14.311491,-1,226,1.8001,2.4636,0.535,"PBANKA_1104900.1","UDP-N-acetylglucosamine transporter%2C putative",-515,1
"286","PbANKA_11_v3",225720,226362,"16h-ook_GFP-AP2-O_934",1000,"-",10892.736328,39.463112,-1,376,2.9754,3.2385,2.6534,"PBANKA_1105300.1","conserved Plasmodium protein%2C unknown function",-26,1
"287","PbANKA_11_v3",236242,237105,"16h-ook_GFP-AP2-O_935",1000,"-",13545.583984,45.072151,-1,578,3.2219,3.8615,2.0444,"PBANKA_1105900.1","conserved protein%2C unknown function",-224,1
"288","PbANKA_11_v3",273307,274076,"16h-ook_GFP-AP2-O_936",1000,"-",17810.439453,50.647892,-1,309,3.903,4.3468,3.2587,"PBANKA_1106900.1","PIMMS2 protein",-364,1
"289","PbANKA_11_v3",277588,277969,"16h-ook_GFP-AP2-O_937",1000,"-",2665.716553,15.592265,-1,179,2.1062,2.3217,1.8527,"PBANKA_1107100.1","subtilisin-like protease 1",-79,1
"290","PbANKA_11_v3",292278,292863,"16h-ook_GFP-AP2-O_939",1000,"+",4317.93457,19.376194,-1,260,2.3585,2.7738,1.773,"PBANKA_1107500.1","conserved Plasmodium protein%2C unknown function",-271,1
"291","PbANKA_11_v3",295294,296041,"16h-ook_GFP-AP2-O_940",1000,"+",31464.919922,91.456367,-1,358,5.2797,5.8884,4.2059,"PBANKA_1107700.1","SET domain protein%2C putative",-605,1
"292","PbANKA_11_v3",295294,296041,"16h-ook_GFP-AP2-O_940",1000,"-",31464.919922,91.456367,-1,358,5.2797,5.8884,4.2059,"PBANKA_1107600.1","6-cysteine protein",-969,2
"293","PbANKA_11_v3",359173,359745,"16h-ook_GFP-AP2-O_948",1000,"+",6581.296875,25.424404,-1,315,2.6713,2.8635,2.4495,"PBANKA_1109100.1","ERCC4 domain-containing protein%2C putative",-490,1
"294","PbANKA_11_v3",395042,395818,"16h-ook_GFP-AP2-O_949",1000,"-",16691.023438,37.999565,-1,461,3.0424,3.2512,2.7981,"PBANKA_1109900.1","stripes inner membrane complex protein%2C putative",-883,1
"295","PbANKA_11_v3",477553,478134,"16h-ook_GFP-AP2-O_955",1000,"-",11563.142578,47.384087,-1,286,3.7692,4.0497,3.4206,"PBANKA_1111800.1","glutathione synthetase",-733,1
"296","PbANKA_11_v3",479896,480596,"16h-ook_GFP-AP2-O_956",1000,"+",20285.033203,65.952393,-1,389,4.4195,4.8089,3.8845,"PBANKA_1112000.1","conserved Plasmodium protein%2C unknown function",-498,1
"297","PbANKA_11_v3",520484,521924,"16h-ook_GFP-AP2-O_964",1000,"+",19963.238281,35.175438,-1,1084,3.1837,3.4941,2.7878,"PBANKA_1113400.1","secreted ookinete protein",-400,1
"298","PbANKA_11_v3",529422,530284,"16h-ook_GFP-AP2-O_966",1000,"-",45555.4375,151.119354,-1,436,5.6042,6.2111,4.5362,"PBANKA_1113700.1","tubulin--tyrosine ligase%2C putative",-69,1
"299","PbANKA_11_v3",533293,534334,"16h-ook_GFP-AP2-O_968",1000,"-",25236.677734,71.579506,-1,628,3.9896,4.3742,3.4636,"PBANKA_1113800.1","ATP-dependent DNA helicase UvrD%2C putative",-283,1
"300","PbANKA_11_v3",589934,590734,"16h-ook_GFP-AP2-O_973",1000,"-",6904.785645,22.818394,-1,310,2.6662,2.7512,2.5759,"PBANKA_1115300.1","glideosome-associated protein 40%2C putative",-531,1
"301","PbANKA_11_v3",598330,598845,"16h-ook_GFP-AP2-O_974",1000,"+",6751.308105,27.953541,-1,292,2.874,3.213,2.4302,"PBANKA_1115700.1","kinetochore protein NDC80%2C putative",-592,1
"302","PbANKA_11_v3",613948,614989,"16h-ook_GFP-AP2-O_976",1000,"-",7687.140625,24.958704,-1,639,2.6724,2.9755,2.2882,"PBANKA_1116100.1","conserved protein%2C unknown function",-131,1
"303","PbANKA_11_v3",619752,620417,"16h-ook_GFP-AP2-O_977",1000,"+",5636.758301,20.843908,-1,413,2.3416,3.0266,0.9915,"PBANKA_1116400.1","conserved Plasmodium protein%2C unknown function",-581,1
"304","PbANKA_11_v3",636107,636924,"16h-ook_GFP-AP2-O_980",1000,"+",35062.949219,103.694595,-1,498,5.4842,5.9384,4.8174,"PBANKA_1116800.1","conserved protein%2C unknown function",-344,1
"305","PbANKA_11_v3",643765,645109,"16h-ook_GFP-AP2-O_982",1000,"-",17348.972656,27.193956,-1,537,2.7753,3.0286,2.4679,"PBANKA_1117000.1","histone H2A%2C putative",-634,1
"306","PbANKA_11_v3",647040,647803,"16h-ook_GFP-AP2-O_983",1000,"+",4557.507812,14.31648,-1,427,1.9767,2.3821,1.4109,"PBANKA_1117100.1","histone H3 variant%2C putative",-530,1
"307","PbANKA_11_v3",653844,654723,"16h-ook_GFP-AP2-O_984",1000,"+",16368.335938,43.874302,-1,387,3.3767,3.9719,2.3453,"PBANKA_1117300.1","conserved Plasmodium protein%2C unknown function",-86,1
"308","PbANKA_11_v3",663279,663787,"16h-ook_GFP-AP2-O_986",1000,"-",5164.322754,22.486547,-1,272,2.4955,3.0413,1.607,"PBANKA_1117600.1","LMBR1 domain-containing protein%2C putative",-489,1
"309","PbANKA_11_v3",686555,686961,"16h-ook_GFP-AP2-O_991",1000,"+",2280.882812,12.368177,-1,237,1.7291,2.2437,0.9217,"PBANKA_1118400.1","conserved Plasmodium protein%2C unknown function",-241,1
"310","PbANKA_11_v3",711622,712369,"16h-ook_GFP-AP2-O_993",1000,"+",19385.884766,67.645393,-1,290,4.2883,4.1604,4.4059,"PBANKA_1118800.1","conserved Plasmodium protein%2C unknown function",-197,1
"311","PbANKA_11_v3",711622,712369,"16h-ook_GFP-AP2-O_993",1000,"-",19385.884766,67.645393,-1,290,4.2883,4.1604,4.4059,"PBANKA_1118700.1","acyl-CoA synthetase%2C putative",-745,2
"312","PbANKA_11_v3",728043,728835,"16h-ook_GFP-AP2-O_994",1000,"-",37504.617188,103.361259,-1,407,5.2617,5.9672,3.8248,"PBANKA_1119200.1","secreted ookinete protein 25",-530,1
"313","PbANKA_11_v3",736838,737238,"16h-ook_GFP-AP2-O_995",1000,"-",3159.159912,16.90004,-1,215,2.1675,2.425,1.8538,"PBANKA_1119600.1","merozoite surface protein 10%2C putative",-51,1
"314","PbANKA_11_v3",740504,741126,"16h-ook_GFP-AP2-O_997",1000,"+",6468.187988,23.533983,-1,366,2.5171,2.903,1.9886,"PBANKA_1119800.1","conserved Plasmodium protein%2C unknown function",-680,1
"315","PbANKA_11_v3",784077,784544,"16h-ook_GFP-AP2-O_1000",1000,"-",2605.732666,12.638153,-1,242,1.8466,2.2198,1.3419,"PBANKA_1121000.1","conserved Plasmodium protein%2C unknown function",-548,1
"316","PbANKA_11_v3",859370,860522,"16h-ook_GFP-AP2-O_1013",1000,"+",17133.707031,54.498112,-1,329,3.6873,4.1873,2.9159,"PBANKA_1123200.1","CPW-WPC family protein",-357,1
"317","PbANKA_11_v3",859370,860522,"16h-ook_GFP-AP2-O_1013",1000,"-",17133.707031,54.498112,-1,329,3.6873,4.1873,2.9159,"PBANKA_1123100.1","conserved Plasmodium protein%2C unknown function",-656,2
"318","PbANKA_11_v3",864077,865228,"16h-ook_GFP-AP2-O_1014",1000,"+",40257.839844,95.319679,-1,557,4.9096,5.4063,4.146,"PBANKA_1123400.1","anaphase-promoting complex subunit 11%2C putative",-113,1
"319","PbANKA_11_v3",864077,865228,"16h-ook_GFP-AP2-O_1014",1000,"-",40257.839844,95.319679,-1,557,4.9096,5.4063,4.146,"PBANKA_1123300.1","conserved protein%2C unknown function",-676,2
"320","PbANKA_11_v3",891985,892406,"16h-ook_GFP-AP2-O_1017",1000,"+",1995.662842,11.754458,-1,224,1.6681,2.0668,1.1151,"PBANKA_1124000.1","sphingomyelin synthase 2%2C putative",-450,1
"321","PbANKA_11_v3",910834,911478,"16h-ook_GFP-AP2-O_1018",1000,"+",9890.463867,33.285492,-1,331,3.0289,3.567,2.1612,"PBANKA_1124700.1","conserved Plasmodium protein%2C unknown function",-613,1
"322","PbANKA_11_v3",1097899,1098511,"16h-ook_GFP-AP2-O_1019",1000,"+",13754.005859,51.232918,-1,345,3.901,4.3838,3.17,"PBANKA_1129000.1","secreted ookinete protein%2C putative",-305,1
"323","PbANKA_11_v3",1120927,1121702,"16h-ook_GFP-AP2-O_1020",1000,"+",8659.707031,21.370571,-1,467,2.4265,3.0298,1.3701,"PBANKA_1129500.1","bifunctional methylenetetrahydrofolate dehydrogenase/cyclohydrolase%2C putative",-757,1
"324","PbANKA_11_v3",1130512,1131213,"16h-ook_GFP-AP2-O_1023",1000,"-",10430.117188,31.574301,-1,407,2.4941,3.2259,0.935,"PBANKA_1129700.1","ATP-dependent RNA helicase HAS1%2C putative",-758,1
"325","PbANKA_11_v3",1161401,1162453,"16h-ook_GFP-AP2-O_1027",1000,"-",24769.494141,42.054176,-1,713,3.2698,3.8394,2.3151,"PBANKA_1130800.1","phosphoinositide phosphatase SAC1%2C putative",-756,1
"326","PbANKA_11_v3",1170073,1170825,"16h-ook_GFP-AP2-O_1029",1000,"+",6602.401367,23.946917,-1,395,2.6496,2.9694,2.2381,"PBANKA_1131100.1","adenylosuccinate synthetase%2C putative",-355,1
"327","PbANKA_11_v3",1178851,1179543,"16h-ook_GFP-AP2-O_1032",1000,"+",7983.140137,19.868719,-1,454,2.408,2.7224,2.0055,"PBANKA_1131500.1","conserved Plasmodium protein%2C unknown function",-549,1
"328","PbANKA_11_v3",1178851,1179543,"16h-ook_GFP-AP2-O_1032",1000,"-",7983.140137,19.868719,-1,454,2.408,2.7224,2.0055,"PBANKA_1131400.1","metacaspase-1",-809,2
"329","PbANKA_11_v3",1252874,1253391,"16h-ook_GFP-AP2-O_1035",1000,"-",5888.469238,22.484371,-1,223,2.6309,2.8726,2.3404,"PBANKA_1133200.1","cdc2-related kinase 2",-211,1
"330","PbANKA_11_v3",1305823,1306470,"16h-ook_GFP-AP2-O_1036",1000,"+",8247.371094,31.6681,-1,332,3.1319,3.3135,2.9242,"PBANKA_1134900.1","zinc finger protein%2C putative",-811,1
"331","PbANKA_11_v3",1442674,1443367,"16h-ook_GFP-AP2-O_1037",1000,"-",14686.59082,52.496891,-1,359,3.8745,4.3432,3.176,"PBANKA_1138100.1","14-3-3 protein%2C putative",-676,1
"332","PbANKA_11_v3",1559240,1560206,"16h-ook_GFP-AP2-O_1039",1000,"+",11387.05957,37.498299,-1,713,2.9989,3.5182,2.1796,"PBANKA_1141400.1","DNA topoisomerase 6 subunit B%2C putative",-28,1
"333","PbANKA_11_v3",1572532,1573030,"16h-ook_GFP-AP2-O_1042",1000,"+",6996.6875,30.18643,-1,206,2.7791,3.0845,2.3914,"PBANKA_1141900.1","DIP13 homolog%2C putative",-780,2
"334","PbANKA_11_v3",1623638,1624232,"16h-ook_GFP-AP2-O_1046",1000,"+",11706.205078,40.14299,-1,322,3.3656,3.8805,2.5576,"PBANKA_1143400.1","NADH-cytochrome b5 reductase%2C putative",-351,1
"335","PbANKA_11_v3",1632463,1633262,"16h-ook_GFP-AP2-O_1047",1000,"+",31876.925781,75.217773,-1,444,4.7512,5.2432,3.9988,"PBANKA_1143700.1","secreted ookinete protein%2C putative",-550,1
"336","PbANKA_11_v3",1638125,1638596,"16h-ook_GFP-AP2-O_1048",1000,"+",3417.089355,16.416101,-1,242,2.2618,2.4228,2.0805,"PBANKA_1143800.1","conserved Plasmodium protein%2C unknown function",-423,1
"337","PbANKA_12_v3",60890,61406,"16h-ook_GFP-AP2-O_1049",1000,"+",7776.585938,35.007458,-1,251,2.924,3.3869,2.2383,"PBANKA_1200700.1","conserved Plasmodium protein%2C unknown function",-232,1
"338","PbANKA_12_v3",105793,106747,"16h-ook_GFP-AP2-O_1051",1000,"+",34226.550781,72.275902,-1,461,4.2562,4.7893,3.4014,"PBANKA_1202000.1","inner membrane complex protein 1c",-755,1
"339","PbANKA_12_v3",138005,138591,"16h-ook_GFP-AP2-O_1053",1000,"-",8141.336426,28.898281,-1,262,2.83,3.5457,1.3469,"PBANKA_1202600.1","E3 ubiquitin-protein ligase%2C putative",-105,1
"340","PbANKA_12_v3",196915,197538,"16h-ook_GFP-AP2-O_1062",1000,"-",11590.478516,40.799782,-1,318,3.3712,3.6178,3.0735,"PBANKA_1204500.1","conserved Plasmodium protein%2C unknown function",-483,1
"341","PbANKA_12_v3",199892,200561,"16h-ook_GFP-AP2-O_1063",1000,"+",4634.835449,16.66152,-1,278,2.2279,2.3296,2.1184,"PBANKA_1204700.1","conserved Plasmodium protein%2C unknown function",-265,1
"342","PbANKA_12_v3",199892,200561,"16h-ook_GFP-AP2-O_1063",1000,"-",4634.835449,16.66152,-1,278,2.2279,2.3296,2.1184,"PBANKA_1204600.1","heptatricopeptide repeat-containing protein%2C putative",-333,2
"343","PbANKA_12_v3",359001,359714,"16h-ook_GFP-AP2-O_1067",1000,"-",14650.022461,50.033833,-1,312,3.7814,3.9937,3.5324,"PBANKA_1209400.1","inner membrane complex sub-compartment protein 1",-682,1
"344","PbANKA_12_v3",365676,366193,"16h-ook_GFP-AP2-O_1068",1000,"+",4755.487305,20.47139,-1,275,2.7766,2.4877,3.0173,"PBANKA_1209700.1","protein ARV1%2C putative",-62,1
"345","PbANKA_12_v3",371693,372610,"16h-ook_GFP-AP2-O_1069",1000,"-",25083.09375,53.040359,-1,580,4.0216,4.4298,3.4502,"PBANKA_1209900.1","conserved protein%2C unknown function",-690,1
"346","PbANKA_12_v3",561457,562075,"16h-ook_GFP-AP2-O_1078",1000,"+",6572.847656,22.790058,-1,377,2.1212,2.9079,0.2584,"PBANKA_1214800.1","U4/U6.U5 tri-snRNP-associated protein 1%2C putative",-58,1
"347","PbANKA_12_v3",691292,692220,"16h-ook_GFP-AP2-O_1086",1000,"+",51202.328125,126.659859,-1,487,5.7743,6.4313,4.5338,"PBANKA_1218100.1","oocyst capsule protein Cap380",-676,1
"348","PbANKA_12_v3",735990,736541,"16h-ook_GFP-AP2-O_1089",1000,"-",10303.043945,41.862148,-1,301,3.3374,3.854,2.5248,"PBANKA_1219100.1","inner membrane complex protein 1d",-507,1
"349","PbANKA_12_v3",806182,806847,"16h-ook_GFP-AP2-O_1092",1000,"+",10362.231445,26.825884,-1,403,2.4683,3.0682,1.4225,"PBANKA_1220800.1","conserved Plasmodium protein%2C unknown function",-632,1
"350","PbANKA_12_v3",824833,825627,"16h-ook_GFP-AP2-O_1095",1000,"+",23442.349609,75.297043,-1,382,4.1725,4.662,3.4262,"PBANKA_1221500.1","50S ribosomal protein L1%2C mitochondrial%2C putative",-86,1
"351","PbANKA_12_v3",824833,825627,"16h-ook_GFP-AP2-O_1095",1000,"-",23442.349609,75.297043,-1,382,4.1725,4.662,3.4262,"PBANKA_1221400.1","protein transport protein USE1%2C putative",-722,2
"352","PbANKA_12_v3",846628,847316,"16h-ook_GFP-AP2-O_1101",1000,"+",5889.702148,17.428137,-1,354,2.1959,2.5885,1.6548,"PBANKA_1222200.1","protein MPODD",-427,1
"353","PbANKA_12_v3",850153,850979,"16h-ook_GFP-AP2-O_1102",1000,"-",26112.521484,76.866676,-1,423,4.2141,4.761,3.3226,"PBANKA_1222300.1","coatomer subunit epsilon%2C putative",-961,1
"354","PbANKA_12_v3",866127,866980,"16h-ook_GFP-AP2-O_1106",1000,"-",12350.651367,34.579742,-1,418,3.0202,3.6283,1.9486,"PBANKA_1222700.1","conserved Plasmodium protein%2C unknown function",-106,1
"355","PbANKA_12_v3",880531,881285,"16h-ook_GFP-AP2-O_1108",1000,"-",16401.966797,48.59367,-1,300,3.4076,3.9362,2.5647,"PBANKA_1223200.1","coenzyme Q-binding protein COQ10 homolog%2C mitochondrial%2C putative",-151,1
"356","PbANKA_12_v3",888421,888896,"16h-ook_GFP-AP2-O_1110",1000,"+",4354.285156,20.886217,-1,291,1.6047,2.5046,-1.2945,"PBANKA_1223500.1","DNA helicase PSH3%2C putative",-88,1
"357","PbANKA_12_v3",915442,916218,"16h-ook_GFP-AP2-O_1118",1000,"+",5299.866699,16.870668,-1,569,2.1185,2.5669,1.4642,"PBANKA_1224200.1","DnaJ protein%2C putative",-242,1
"358","PbANKA_12_v3",920117,920691,"16h-ook_GFP-AP2-O_1119",1000,"-",6357.203125,27.363598,-1,311,2.705,3.0927,2.1733,"PBANKA_1224300.1","UDP-N-acetylglucosamine transferase subunit ALG13%2C putative",-285,1
"359","PbANKA_12_v3",934064,934737,"16h-ook_GFP-AP2-O_1120",1000,"-",13217.845703,55.240776,-1,329,2.8649,3.5192,1.6343,"PBANKA_1224600.1","conserved Plasmodium protein%2C unknown function",-756,2
"360","PbANKA_12_v3",965882,966837,"16h-ook_GFP-AP2-O_1121",1000,"-",52179.390625,113.811829,-1,481,4.9463,5.3947,4.2924,"PBANKA_1225400.1","gamete release protein",-506,1
"361","PbANKA_12_v3",973854,974867,"16h-ook_GFP-AP2-O_1122",1000,"+",34218.246094,72.127502,-1,549,4.4824,5.0616,3.4994,"PBANKA_1225700.1","GTPase-activating protein%2C putative",-128,1
"362","PbANKA_12_v3",1016896,1017523,"16h-ook_GFP-AP2-O_1129",1000,"+",9359.336914,34.960964,-1,309,3.1523,3.4355,2.7996,"PBANKA_1226500.1","proteasome subunit beta type-4%2C putative",-398,1
"363","PbANKA_12_v3",1044943,1045439,"16h-ook_GFP-AP2-O_1133",1000,"-",2158.808838,11.228239,-1,173,1.5768,2.0439,0.8817,"PBANKA_1227200.1","peptidyl-prolyl cis-trans isomerase%2C putative",-14,1
"364","PbANKA_12_v3",1044943,1045439,"16h-ook_GFP-AP2-O_1133",1000,"+",2158.808838,11.228239,-1,173,1.5768,2.0439,0.8817,"PBANKA_1227300.1","conserved Plasmodium protein%2C unknown function",-731,2
"365","PbANKA_12_v3",1101622,1102248,"16h-ook_GFP-AP2-O_1141",1000,"-",17296.271484,67.240517,-1,287,4.2187,4.6114,3.6773,"PBANKA_1228300.1","lysine-specific histone demethylase%2C putative",-112,1
"366","PbANKA_12_v3",1125012,1125753,"16h-ook_GFP-AP2-O_1142",1000,"+",21781.064453,64.002419,-1,402,4.2138,4.8021,3.2037,"PBANKA_1228900.1","von Willebrand factor A domain-related protein",-545,1
"367","PbANKA_12_v3",1134118,1134657,"16h-ook_GFP-AP2-O_1143",1000,"+",4554.39502,20.961712,-1,308,2.3416,3.0159,1.0347,"PBANKA_1229100.1","pre-mRNA-splicing factor CWF7%2C putative",-275,1
"368","PbANKA_12_v3",1188855,1189611,"16h-ook_GFP-AP2-O_1150",1000,"-",15928.225586,50.013889,-1,294,3.6773,4.1102,3.0558,"PBANKA_1230600.1","conserved oligomeric Golgi complex subunit 4%2C putative",-579,1
"369","PbANKA_12_v3",1194135,1194772,"16h-ook_GFP-AP2-O_1152",1000,"+",4439.885254,20.224003,-1,378,2.5546,2.5251,2.5835,"PBANKA_1230800.1","pyridoxal kinase%2C putative",-779,1
"370","PbANKA_12_v3",1194135,1194772,"16h-ook_GFP-AP2-O_1152",1000,"-",4439.885254,20.224003,-1,378,2.5546,2.5251,2.5835,"PBANKA_1230700.1","protein phosphatase%2C putative",-966,2
"371","PbANKA_12_v3",1206056,1207015,"16h-ook_GFP-AP2-O_1154",1000,"-",9342.878906,19.365292,-1,188,2.3906,2.7288,1.948,"PBANKA_1231200.1","phosducin-like protein%2C putative",-546,1
"372","PbANKA_12_v3",1240531,1241044,"16h-ook_GFP-AP2-O_1157",1000,"-",5286.770508,20.585121,-1,236,2.4854,2.7613,2.1441,"PBANKA_1232000.1","conserved Plasmodium protein%2C unknown function",-330,1
"373","PbANKA_12_v3",1264757,1265222,"16h-ook_GFP-AP2-O_1162",1000,"-",5528.456055,24.064613,-1,224,2.5296,2.9372,1.9596,"PBANKA_1232700.1","zinc finger protein%2C putative",-486,1
"374","PbANKA_12_v3",1264757,1265222,"16h-ook_GFP-AP2-O_1162",1000,"+",5528.456055,24.064613,-1,224,2.5296,2.9372,1.9596,"PBANKA_1232800.1","NOSIP domain-containing protein%2C putative",-488,2
"375","PbANKA_12_v3",1276753,1277563,"16h-ook_GFP-AP2-O_1164",1000,"-",14661.505859,35.306393,-1,300,3.1765,3.7039,2.3365,"PBANKA_1233200.1","cyclin",-276,1
"376","PbANKA_12_v3",1298595,1299262,"16h-ook_GFP-AP2-O_1168",1000,"-",17093.611328,55.242847,-1,321,4.01,4.5096,3.2395,"PBANKA_1233700.1","conserved protein%2C unknown function",-684,1
"377","PbANKA_12_v3",1319608,1320244,"16h-ook_GFP-AP2-O_1171",1000,"+",6053.517578,18.520983,-1,440,2.4199,2.5143,2.3189,"PBANKA_1234400.1","zinc finger protein%2C putative",-22,1
"378","PbANKA_12_v3",1330234,1331266,"16h-ook_GFP-AP2-O_1173",1000,"-",12025.958008,34.808022,-1,269,2.7304,3.5083,0.9213,"PBANKA_1234600.1","EELM2 domain-containing protein%2C putative",-408,1
"379","PbANKA_12_v3",1377569,1378046,"16h-ook_GFP-AP2-O_1178",1000,"+",3851.755859,20.035799,-1,287,2.2125,2.6278,1.6271,"PBANKA_1236100.1","ribosomal large subunit pseudouridylate synthase%2C putative",-35,1
"380","PbANKA_12_v3",1377569,1378046,"16h-ook_GFP-AP2-O_1178",1000,"-",3851.755859,20.035799,-1,287,2.2125,2.6278,1.6271,"PBANKA_1236000.1","conserved protein%2C unknown function",-696,2
"381","PbANKA_12_v3",1540879,1541499,"16h-ook_GFP-AP2-O_1186",1000,"-",15426.423828,63.369511,-1,328,3.8431,4.4908,2.6366,"PBANKA_1240100.1","conserved protein%2C unknown function",-53,1
"382","PbANKA_12_v3",1553318,1554102,"16h-ook_GFP-AP2-O_1187",1000,"+",28081.970703,80.035423,-1,382,4.7768,5.4038,3.6427,"PBANKA_1240600.1","inner membrane complex protein 1g%2C putative",-891,1
"383","PbANKA_12_v3",1566400,1566932,"16h-ook_GFP-AP2-O_1189",1000,"-",6406.729492,26.44252,-1,258,2.8669,3.0832,2.6124,"PBANKA_1241000.1","ADP-ribosylation factor GTPase-activating protein%2C putative",-842,1
"384","PbANKA_12_v3",1571846,1572446,"16h-ook_GFP-AP2-O_1190",1000,"+",10445.240234,37.667732,-1,334,3.2146,3.9353,1.7083,"PBANKA_1241300.1","conserved Plasmodium protein%2C unknown function",-208,1
"385","PbANKA_12_v3",1611986,1612580,"16h-ook_GFP-AP2-O_1193",1000,"-",10776.316406,44.556278,-1,284,2.9771,3.5951,1.8734,"PBANKA_1242600.1","proteasome maturation factor UMP1%2C putative",-154,1
"386","PbANKA_12_v3",1623155,1624195,"16h-ook_GFP-AP2-O_1194",1000,"-",8095.48877,21.410585,-1,332,2.493,2.8012,2.1006,"PBANKA_1242900.1","conserved protein%2C unknown function",-571,1
"387","PbANKA_12_v3",1638515,1639149,"16h-ook_GFP-AP2-O_1197",1000,"-",18217.806641,64.876518,-1,321,4.473,4.8592,3.9441,"PBANKA_1243500.1","conserved protein%2C unknown function",-318,1
"388","PbANKA_12_v3",1644631,1645080,"16h-ook_GFP-AP2-O_1198",1000,"+",2448.308105,11.862241,-1,274,1.7552,2.0723,1.3483,"PBANKA_1243800.1","apicoplast TIC22 protein%2C putative",-387,1
"389","PbANKA_12_v3",1644631,1645080,"16h-ook_GFP-AP2-O_1198",1000,"-",2448.308105,11.862241,-1,274,1.7552,2.0723,1.3483,"PBANKA_1243700.1","thioredoxin-like protein%2C putative",-822,2
"390","PbANKA_13_v3",491251,491751,"16h-ook_GFP-AP2-O_1210",1000,"-",4639.283203,20.493614,-1,233,2.3545,2.759,1.7903,"PBANKA_1310700.1","glutaminyl-peptide cyclotransferase%2C putative",-629,1
"391","PbANKA_13_v3",501820,502409,"16h-ook_GFP-AP2-O_1213",1000,"+",9003.880859,32.9259,-1,330,3.3277,3.3355,3.3198,"PBANKA_1311300.1","inner membrane complex protein%2C putative",-412,1
"392","PbANKA_13_v3",541451,541938,"16h-ook_GFP-AP2-O_1215",1000,"-",4736.900879,22.032557,-1,250,2.5121,2.8188,2.1221,"PBANKA_1312300.1","SNARE protein%2C putative",-193,1
"393","PbANKA_13_v3",548674,549946,"16h-ook_GFP-AP2-O_1216",1000,"-",19507.623047,48.532375,-1,301,3.8659,4.1147,3.5649,"PBANKA_1312700.1","gamete egress and sporozoite traversal protein",-587,1
"394","PbANKA_13_v3",565736,566361,"16h-ook_GFP-AP2-O_1218",1000,"-",6933.93457,19.87005,-1,391,2.5248,2.623,2.4194,"PBANKA_1313100.1","crossover junction endonuclease MUS81%2C putative",-444,1
"395","PbANKA_13_v3",733686,734215,"16h-ook_GFP-AP2-O_1220",1000,"+",5576.580078,22.688597,-1,255,2.4917,2.9986,1.7033,"PBANKA_1317400.1","HSP90 co-chaperone p23%2C putative",-663,1
"396","PbANKA_13_v3",740287,740816,"16h-ook_GFP-AP2-O_1221",1000,"+",2838.302734,12.979042,-1,303,1.8704,2.4279,0.9496,"PBANKA_1317600.1","conserved Plasmodium protein%2C unknown function",-577,1
"397","PbANKA_13_v3",770034,770719,"16h-ook_GFP-AP2-O_1222",1000,"-",24066.097656,67.386246,-1,357,4.7034,4.7599,4.6445,"PBANKA_1318600.1","conserved protein%2C unknown function",-545,1
"398","PbANKA_13_v3",976968,977456,"16h-ook_GFP-AP2-O_1226",1000,"+",2936.902832,14.34022,-1,277,2.0035,2.2732,1.6715,"PBANKA_1324300.1","inner membrane complex sub-compartment protein 3",-416,1
"399","PbANKA_13_v3",1236286,1236694,"16h-ook_GFP-AP2-O_1231",1000,"-",2676.604248,14.945912,-1,209,2.2242,2.1767,2.2702,"PBANKA_1330400.1","DNA-3-methyladenine glycosylase%2C putative",-326,1
"400","PbANKA_13_v3",1236286,1236694,"16h-ook_GFP-AP2-O_1231",1000,"+",2676.604248,14.945912,-1,209,2.2242,2.1767,2.2702,"PBANKA_1330500.1","WD repeat-containing protein 79%2C putative",-616,2
"401","PbANKA_13_v3",1238194,1239070,"16h-ook_GFP-AP2-O_1232",1000,"+",15253.767578,36.972733,-1,563,3.2268,3.898,1.9319,"PBANKA_1330600.1","1-deoxy-D-xylulose 5-phosphate reductoisomerase%2C putative",-616,1
"402","PbANKA_13_v3",1242098,1243297,"16h-ook_GFP-AP2-O_1233",1000,"+",17013.449219,52.75634,-1,894,3.8347,4.0884,3.5268,"PBANKA_1330800.1","DNA/RNA-binding protein KIN17%2C putative",-19,1
"403","PbANKA_13_v3",1389849,1390594,"16h-ook_GFP-AP2-O_1235",1000,"+",7297.896973,19.011953,-1,340,2.4879,2.6092,2.3554,"PBANKA_1334800.1","conserved Plasmodium protein%2C unknown function",-787,1
"404","PbANKA_13_v3",1389849,1390594,"16h-ook_GFP-AP2-O_1235",1000,"-",7297.896973,19.011953,-1,340,2.4879,2.6092,2.3554,"PBANKA_1334700.1","transmembrane protein 43%2C putative",-926,2
"405","PbANKA_13_v3",1454281,1454750,"16h-ook_GFP-AP2-O_1239",1000,"-",2355.389648,12.903365,-1,203,1.7233,2.3465,0.6019,"PBANKA_1336800.1","conserved Plasmodium protein%2C unknown function",-389,1
"406","PbANKA_13_v3",1502385,1503218,"16h-ook_GFP-AP2-O_1243",1000,"+",3588.665283,10.879192,-1,293,1.6197,2.0257,1.0528,"PBANKA_1338100.1","conserved protein%2C unknown function",-767,2
"407","PbANKA_13_v3",1523304,1523857,"16h-ook_GFP-AP2-O_1248",1000,"+",7626.980957,26.478125,-1,301,2.8609,3.0974,2.5777,"PBANKA_1338900.1","glideosome associated protein with multiple membrane spans 1%2C putative",-620,1
"408","PbANKA_13_v3",1537567,1538132,"16h-ook_GFP-AP2-O_1249",1000,"+",9803.092773,36.135803,-1,270,3.3199,3.289,3.3501,"PBANKA_1339300.1","conserved Plasmodium protein%2C unknown function",-300,1
"409","PbANKA_13_v3",1556038,1556637,"16h-ook_GFP-AP2-O_1250",1000,"+",11746.589844,43.390694,-1,315,3.361,3.7662,2.7954,"PBANKA_1339600.1","PRELI domain-containing protein%2C putative",-467,1
"410","PbANKA_13_v3",1556038,1556637,"16h-ook_GFP-AP2-O_1250",1000,"-",11746.589844,43.390694,-1,315,3.361,3.7662,2.7954,"PBANKA_1339500.1","conserved Plasmodium protein%2C unknown function",-697,2
"411","PbANKA_13_v3",1571588,1571970,"16h-ook_GFP-AP2-O_1252",1000,"-",3305.953369,18.616554,-1,198,2.6506,2.3551,2.8957,"PBANKA_1340000.1","dihydrofolate synthase/folylpolyglutamate synthase%2C putative",-211,1
"412","PbANKA_13_v3",1575689,1576351,"16h-ook_GFP-AP2-O_1254",1000,"-",7725.09082,29.631628,-1,298,2.7266,3.16,2.1043,"PBANKA_1340200.1","U6 snRNA-associated Sm-like protein LSm6%2C putative",-406,1
"413","PbANKA_13_v3",1619338,1619902,"16h-ook_GFP-AP2-O_1255",1000,"+",10315.944336,38.257687,-1,276,3.2759,3.7524,2.5595,"PBANKA_1341300.1","GTPase-activating protein%2C putative",-332,1
"414","PbANKA_13_v3",1656249,1657057,"16h-ook_GFP-AP2-O_1258",1000,"-",39203.808594,113.705986,-1,415,4.924,5.6781,3.2501,"PBANKA_1342000.1","Qa-SNARE protein%2C putative",-183,1
"415","PbANKA_13_v3",1669476,1670260,"16h-ook_GFP-AP2-O_1261",1000,"+",24126.085938,59.442875,-1,347,3.7261,4.1549,3.1131,"PBANKA_1342500.1","conserved Plasmodium protein%2C unknown function",-603,1
"416","PbANKA_13_v3",1725990,1726633,"16h-ook_GFP-AP2-O_1263",1000,"+",4303.639648,11.961505,-1,414,1.8878,2.1768,1.5259,"PBANKA_1343800.1","transcriptional regulatory protein sir2a",-819,1
"417","PbANKA_13_v3",1789418,1790803,"16h-ook_GFP-AP2-O_1271",1000,"+",6922.509277,18.549994,-1,1103,2.2948,2.4953,2.0618,"PBANKA_1345500.1","CTLH domain-containing protein%2C putative",-514,1
"418","PbANKA_13_v3",1795048,1795712,"16h-ook_GFP-AP2-O_1272",1000,"+",7093.734375,20.546831,-1,390,2.3223,2.6156,1.9536,"PBANKA_1345700.1","GPI transamidase subunit PIG-U%2C putative",-128,1
"419","PbANKA_13_v3",1803588,1804224,"16h-ook_GFP-AP2-O_1274",1000,"-",17539.025391,62.825207,-1,318,3.5387,4.1548,2.4413,"PBANKA_1345900.1","protein kinase%2C putative",-327,1
"420","PbANKA_13_v3",1810473,1811324,"16h-ook_GFP-AP2-O_1277",1000,"+",15290.630859,36.158073,-1,564,3.2334,3.6875,2.567,"PBANKA_1346200.1","signal peptidase complex catalytic subunit SEC11%2C putative",-826,1
"421","PbANKA_13_v3",1830102,1830815,"16h-ook_GFP-AP2-O_1284",1000,"+",18546.617188,67.427315,-1,416,4.2282,4.6057,3.7156,"PBANKA_1347000.1","conserved protein%2C unknown function",-903,1
"422","PbANKA_13_v3",1838382,1839185,"16h-ook_GFP-AP2-O_1285",1000,"+",43139.941406,119.417076,-1,393,4.8628,5.6581,2.9442,"PBANKA_1347300.1","SAM-dependent RNA methyltransferase%2C putative",-205,1
"423","PbANKA_13_v3",1838382,1839185,"16h-ook_GFP-AP2-O_1285",1000,"-",43139.941406,119.417076,-1,393,4.8628,5.6581,2.9442,"PBANKA_1347200.1","nucleotidyltransferase%2C putative",-546,2
"424","PbANKA_13_v3",1844286,1845056,"16h-ook_GFP-AP2-O_1287",1000,"-",2833.43335,12.269869,-1,185,1.9176,2.0932,1.7177,"PBANKA_1347500.1","ATP-dependent RNA helicase DBP8%2C putative",-717,1
"425","PbANKA_13_v3",1850973,1851737,"16h-ook_GFP-AP2-O_1289",1000,"+",24463.480469,64.485268,-1,299,3.8561,4.4996,2.6649,"PBANKA_1347800.1","20 kDa chaperonin%2C putative",-964,2
"426","PbANKA_13_v3",1862189,1862777,"16h-ook_GFP-AP2-O_1293",1000,"+",2428.939697,11.02357,-1,183,1.7789,2.2605,1.0507,"PBANKA_1348200.1","conserved Plasmodium protein%2C unknown function",-781,2
"427","PbANKA_13_v3",1870827,1871339,"16h-ook_GFP-AP2-O_1295",1000,"+",2332.436035,12.105345,-1,237,1.8924,2.0899,1.6634,"PBANKA_1348500.1","Voldacs domain-containing protein%2C putative",-516,1
"428","PbANKA_13_v3",1969177,1969667,"16h-ook_GFP-AP2-O_1303",1000,"+",4315.628418,21.268017,-1,224,2.4783,2.6066,2.3374,"PBANKA_1351700.1","LMBR1 domain-containing protein%2C putative",-199,1
"429","PbANKA_13_v3",1998855,1999687,"16h-ook_GFP-AP2-O_1309",1000,"-",12313.134766,32.663162,-1,563,2.7783,3.253,2.0661,"PBANKA_1352500.1","CPW-WPC family protein",-834,1
"430","PbANKA_13_v3",2002661,2003430,"16h-ook_GFP-AP2-O_1310",1000,"-",16034.27832,45.186024,-1,301,3.6481,4.0284,3.1304,"PBANKA_1352600.1","serine/threonine protein kinase%2C putative",-750,1
"431","PbANKA_13_v3",2012745,2013281,"16h-ook_GFP-AP2-O_1313",1000,"-",2688.727539,11.447337,-1,308,1.793,2.096,1.4088,"PBANKA_1352800.1","cytochrome c oxidase subunit ApiCOX14%2C putative",-650,1
"432","PbANKA_13_v3",2021449,2022198,"16h-ook_GFP-AP2-O_1314",1000,"-",20497.695312,67.995598,-1,315,4.3947,4.6941,4.0165,"PBANKA_1353100.1","conserved Plasmodium protein%2C unknown function",-316,1
"433","PbANKA_13_v3",2030310,2031156,"16h-ook_GFP-AP2-O_1315",1000,"-",48358.5625,121.564011,-1,491,5.7628,6.2311,5.0648,"PBANKA_1353400.1","secreted ookinete protein%2C putative",-689,1
"434","PbANKA_13_v3",2039104,2039778,"16h-ook_GFP-AP2-O_1317",1000,"-",10622.386719,36.206284,-1,287,3.4535,3.307,3.5864,"PBANKA_1353800.1","conserved Plasmodium protein%2C unknown function",-587,1
"435","PbANKA_13_v3",2059079,2059569,"16h-ook_GFP-AP2-O_1319",1000,"-",4718.709473,21.160454,-1,207,1.9778,2.813,-0.2342,"PBANKA_1354400.1","60S ribosomal protein L18%2C putative",-846,1
"436","PbANKA_13_v3",2062172,2062834,"16h-ook_GFP-AP2-O_1320",1000,"+",18699.234375,60.033348,-1,322,4.014,4.4974,3.2818,"PBANKA_1354600.1","inner membrane complex suture component%2C putative",-583,1
"437","PbANKA_13_v3",2071877,2072301,"16h-ook_GFP-AP2-O_1321",1000,"-",3828.043213,18.389492,-1,203,2.4178,2.5803,2.2348,"PBANKA_1354900.1","inner membrane complex protein 1k%2C putative",-764,1
"438","PbANKA_13_v3",2095331,2096147,"16h-ook_GFP-AP2-O_1322",1000,"+",19521.232422,56.200886,-1,523,3.5023,4.1923,2.1315,"PBANKA_1355700.1","myosin A",-495,1
"439","PbANKA_13_v3",2367664,2368540,"16h-ook_GFP-AP2-O_1325",1000,"-",35769.785156,91.651833,-1,371,4.1942,4.7944,3.1474,"PBANKA_1362000.1","glutamate--tRNA ligase%2C putative",-105,1
"440","PbANKA_13_v3",2387717,2388475,"16h-ook_GFP-AP2-O_1327",1000,"+",4696.059082,13.259638,-1,413,1.8612,2.3295,1.1635,"PBANKA_1362500.1","peptidase%2C putative",-196,1
"441","PbANKA_13_v3",2392411,2393275,"16h-ook_GFP-AP2-O_1328",1000,"-",33644.847656,73.925346,-1,585,4.2851,4.8647,3.3013,"PBANKA_1362700.1","conserved Plasmodium protein%2C unknown function",-591,1
"442","PbANKA_13_v3",2413024,2413637,"16h-ook_GFP-AP2-O_1330",1000,"-",13426.635742,54.308369,-1,242,3.9253,4.2065,3.5756,"PBANKA_1363600.1","conserved Plasmodium protein%2C unknown function",-121,1
"443","PbANKA_13_v3",2441152,2441972,"16h-ook_GFP-AP2-O_1333",1000,"+",25206.916016,66.460709,-1,388,4.4087,5.0378,3.2673,"PBANKA_1364400.1","inner membrane complex protein 1f%2C putative",-655,1
"444","PbANKA_13_v3",2459623,2460128,"16h-ook_GFP-AP2-O_1334",1000,"-",2912.129639,12.693553,-1,250,1.7713,2.303,0.9201,"PBANKA_1364800.1","ABC transporter B family member 6%2C putative",-401,1
"445","PbANKA_13_v3",2459623,2460128,"16h-ook_GFP-AP2-O_1334",1000,"+",2912.129639,12.693553,-1,250,1.7713,2.303,0.9201,"PBANKA_1364900.1","U3 small nucleolar RNA-associated protein 15%2C putative",-758,2
"446","PbANKA_14_v3",238341,238865,"16h-ook_GFP-AP2-O_1336",1000,"-",10940.06543,41.543362,-1,267,3.0475,3.7509,1.6195,"PBANKA_1404400.1","conserved Plasmodium protein%2C unknown function",-411,1
"447","PbANKA_14_v3",407335,408239,"16h-ook_GFP-AP2-O_1338",1000,"-",22242.853516,51.425251,-1,335,3.9727,4.3036,3.5425,"PBANKA_1409200.1","RNA-binding protein%2C putative",-508,1
"448","PbANKA_14_v3",458191,459082,"16h-ook_GFP-AP2-O_1339",1000,"-",33530.929688,83.414848,-1,391,4.687,5.1773,3.9385,"PBANKA_1410950.1","apical ring associated protein 1",-439,1
"449","PbANKA_14_v3",690967,691563,"16h-ook_GFP-AP2-O_1345",1000,"+",4808.598145,18.3393,-1,380,2.3847,2.3296,2.4378,"PBANKA_1417400.1","conserved Plasmodium protein%2C unknown function",-334,1
"450","PbANKA_14_v3",875649,876052,"16h-ook_GFP-AP2-O_1348",1000,"-",2836.326172,16.870926,-1,185,2.1042,2.3439,1.8166,"PBANKA_1422300.1","FAD-dependent monooxygenase%2C putative",-410,1
"451","PbANKA_14_v3",891431,892135,"16h-ook_GFP-AP2-O_1350",1000,"+",20185.779297,67.251534,-1,385,4.1746,4.7537,3.1921,"PBANKA_1422900.1","conserved protein%2C unknown function",-373,1
"452","PbANKA_14_v3",891431,892135,"16h-ook_GFP-AP2-O_1350",1000,"-",20185.779297,67.251534,-1,385,4.1746,4.7537,3.1921,"PBANKA_1422800.1","conserved Plasmodium protein%2C unknown function",-910,2
"453","PbANKA_14_v3",935405,936549,"16h-ook_GFP-AP2-O_1355",1000,"-",28324.384766,55.400379,-1,396,4.0826,4.4604,3.5693,"PBANKA_1424300.1","conserved protein%2C unknown function",-494,1
"454","PbANKA_14_v3",1213976,1214796,"16h-ook_GFP-AP2-O_1358",1000,"-",34711.886719,81.314606,-1,314,5.0008,5.0377,4.9629,"PBANKA_1432300.1","cell traversal protein for ookinetes and sporozoites",-461,1
"455","PbANKA_14_v3",1323647,1324686,"16h-ook_GFP-AP2-O_1361",1000,"-",13538.362305,45.334141,-1,672,3.6014,4.131,2.7559,"PBANKA_1435200.1","zinc finger protein%2C putative",-840,1
"456","PbANKA_14_v3",1428935,1429410,"16h-ook_GFP-AP2-O_1366",1000,"-",4130.480957,19.032049,-1,230,2.4847,2.5506,2.4156,"PBANKA_1437700.1","conserved Plasmodium protein%2C unknown function",-458,1
"457","PbANKA_14_v3",1428935,1429410,"16h-ook_GFP-AP2-O_1366",1000,"+",4130.480957,19.032049,-1,230,2.4847,2.5506,2.4156,"PBANKA_1437800.1","conserved Plasmodium protein%2C unknown function",-687,2
"458","PbANKA_14_v3",1480314,1480750,"16h-ook_GFP-AP2-O_1368",1000,"-",2833.328125,13.764808,-1,195,1.9735,2.3327,1.4941,"PBANKA_1439000.1","conserved protein%2C unknown function",-588,1
"459","PbANKA_14_v3",1488040,1488537,"16h-ook_GFP-AP2-O_1370",1000,"+",4555.376465,22.895485,-1,274,2.5356,3.0553,1.7154,"PBANKA_1439200.1","polyadenylate-binding protein 1%2C putative",-4,1
"460","PbANKA_14_v3",1673153,1673803,"16h-ook_GFP-AP2-O_1385",1000,"-",6592.749512,23.233931,-1,221,2.2305,2.5163,1.8737,"PBANKA_1443600.1","conserved Plasmodium protein%2C unknown function",-324,1
"461","PbANKA_14_v3",1673153,1673803,"16h-ook_GFP-AP2-O_1385",1000,"+",6592.749512,23.233931,-1,221,2.2305,2.5163,1.8737,"PBANKA_1443700.1","conserved Plasmodium protein%2C unknown function",-974,2
"462","PbANKA_14_v3",1715175,1715574,"16h-ook_GFP-AP2-O_1390",1000,"+",2829.923584,16.642635,-1,226,1.6417,2.0084,1.1488,"PBANKA_1444700.1","TBC domain-containing protein%2C putative",-285,1
"463","PbANKA_14_v3",1715175,1715574,"16h-ook_GFP-AP2-O_1390",1000,"-",2829.923584,16.642635,-1,226,1.6417,2.0084,1.1488,"PBANKA_1444600.1","conserved Plasmodium protein%2C unknown function",-323,2
"464","PbANKA_14_v3",1731357,1731976,"16h-ook_GFP-AP2-O_1391",1000,"-",5476.195312,15.94593,-1,200,2.1261,2.4665,1.6798,"PBANKA_1445000.1","subpellicular microtubule protein 2%2C putative",-591,1
"465","PbANKA_14_v3",1757780,1758334,"16h-ook_GFP-AP2-O_1392",1000,"-",6691.559082,26.18157,-1,231,2.23,2.8797,1.0164,"PBANKA_1445900.1","conserved Plasmodium protein%2C unknown function",-510,1
"466","PbANKA_14_v3",1831035,1831500,"16h-ook_GFP-AP2-O_1398",1000,"+",3181.766357,13.75037,-1,196,1.7896,2.2269,1.1589,"PBANKA_1447800.1","conserved protein%2C unknown function",-130,1
"467","PbANKA_14_v3",1888548,1889017,"16h-ook_GFP-AP2-O_1403",1000,"+",3054.456787,15.402595,-1,217,2.1177,2.4551,1.6764,"PBANKA_1448800.1","helicase%2C putative",-500,1
"468","PbANKA_14_v3",1937079,1937568,"16h-ook_GFP-AP2-O_1407",1000,"-",4117.164551,17.384342,-1,221,2.3021,2.4168,2.1775,"PBANKA_1450000.1","tetQ family GTPase%2C putative",-64,1
"469","PbANKA_14_v3",1943779,1944420,"16h-ook_GFP-AP2-O_1408",1000,"+",3636.342285,16.069662,-1,256,2.1562,2.5212,1.6663,"PBANKA_1450300.1","ATP synthase subunit beta%2C mitochondrial",-957,1
"470","PbANKA_14_v3",1969066,1969810,"16h-ook_GFP-AP2-O_1413",1000,"-",24992.359375,77.028381,-1,379,4.3872,4.7245,3.9464,"PBANKA_1450800.1","conserved Plasmodium protein%2C unknown function",-147,1
"471","PbANKA_14_v3",1978358,1979070,"16h-ook_GFP-AP2-O_1415",1000,"-",17569.761719,56.469345,-1,336,4.2627,4.3526,4.1667,"PBANKA_1451200.1","p25-alpha family protein%2C putative",-413,1
"472","PbANKA_14_v3",1985790,1986354,"16h-ook_GFP-AP2-O_1416",1000,"-",8652.041992,30.220705,-1,309,3.0635,3.0847,3.042,"PBANKA_1451500.1","conserved Plasmodium protein%2C unknown function",-506,1
"473","PbANKA_14_v3",2015885,2016733,"16h-ook_GFP-AP2-O_1422",1000,"+",5246.286621,16.472984,-1,533,1.6798,2.4546,-0.111,"PBANKA_1452300.1","conserved protein%2C unknown function",-938,1
"474","PbANKA_14_v3",2176026,2176929,"16h-ook_GFP-AP2-O_1425",1000,"-",20396.027344,54.472935,-1,294,3.9494,4.4745,3.1155,"PBANKA_1456700.1","conserved Plasmodium protein%2C unknown function",-420,1
"475","PbANKA_14_v3",2218594,2219585,"16h-ook_GFP-AP2-O_1428",1000,"-",29086.613281,78.312607,-1,608,4.2255,4.8749,3.0132,"PBANKA_1457700.1","conserved Plasmodium protein%2C unknown function",-765,1
"476","PbANKA_14_v3",2275946,2277217,"16h-ook_GFP-AP2-O_1434",1000,"+",31114.603516,54.468826,-1,937,3.9937,4.4979,3.2119,"PBANKA_1459500.1","myosin A tail domain interacting protein MTIP%2C putative",-534,1
"477","PbANKA_14_v3",2283484,2284108,"16h-ook_GFP-AP2-O_1435",1000,"+",3876.742676,12.522432,-1,170,1.9648,2.0272,1.8995,"PBANKA_1459800.1","conserved Plasmodium protein%2C unknown function",-605,1
"478","PbANKA_14_v3",2312381,2313049,"16h-ook_GFP-AP2-O_1440",1000,"+",23367.611328,76.206329,-1,342,4.5147,4.8513,4.075,"PBANKA_1461000.1","methyltransferase%2C putative",-116,1
"479","PbANKA_14_v3",2318216,2318887,"16h-ook_GFP-AP2-O_1442",1000,"+",16688.5,53.114777,-1,340,3.9413,4.2203,3.595,"PBANKA_1461300.1","conserved Plasmodium protein%2C unknown function",-469,1
"480","PbANKA_14_v3",2414657,2415193,"16h-ook_GFP-AP2-O_1455",1000,"-",8048.793457,34.75621,-1,298,2.9516,3.4442,2.1977,"PBANKA_1463900.1","HSP20-like chaperone%2C putative",-391,1
