"","#chrom","start","end","peak_id","score","strand","auc","pvalue","fdr","summit","logfc:avg","logfc:bwa/SRR7126179_AP2-FG-1_IP.clean.bam","logfc:bwa/SRR7126181_AP2-FG-2_IP.clean.bam","tss_id","description","tss_distance","tss_distance_rank"
"1","PbANKA_01_v3",195562,196436,"AP2-FG_10",1000,"+",1442.879761,5.777433,-1,397,2.0263,1.8925,2.1487,"PBANKA_0104700.1","long chain polyunsaturated fatty acid elongation enzyme%2C putative",-559,1
"2","PbANKA_01_v3",361426,363649,"AP2-FG_20",1000,"+",6189.464844,6.565456,-1,1498,2.0636,1.8678,2.236,"PBANKA_0108800.1","histone H3%2C putative",-278,1
"3","PbANKA_01_v3",427937,428684,"AP2-FG_23",1000,"-",1355.938232,5.728284,-1,275,2.0612,1.8024,2.2806,"PBANKA_0110800.1","conserved Plasmodium protein%2C unknown function",-475,1
"4","PbANKA_02_v3",146946,149165,"AP2-FG_35",1000,"+",4184.308594,6.021914,-1,1833,2.0109,1.9029,2.1114,"PBANKA_0204300.1","fatty acid elongation protein%2C GNS1/SUR4 family%2C putative%2C pseudogene",-336,1
"5","PbANKA_02_v3",155191,155890,"AP2-FG_36",1000,"-",1437.71167,6.223391,-1,304,2.1426,1.9583,2.306,"PBANKA_0204500.1","LCCL domain-containing protein%2C putative",-695,1
"6","PbANKA_02_v3",290672,292097,"AP2-FG_46",1000,"-",3714.206543,6.583093,-1,714,2.1895,2.0028,2.3548,"PBANKA_0208400.1","major facilitator superfamily-related transporter%2C putative",-562,1
"7","PbANKA_02_v3",324028,324922,"AP2-FG_48",1000,"+",2309.148193,6.518414,-1,548,2.2137,2.0594,2.3531,"PBANKA_0209300.1","actin-related protein",-217,1
"8","PbANKA_02_v3",362551,363562,"AP2-FG_51",1000,"+",2078.260254,5.76712,-1,391,2.1268,1.9617,2.275,"PBANKA_0210300.1","seipin domain-containing protein%2C putative",-369,1
"9","PbANKA_03_v3",43086,43985,"AP2-FG_62",1000,"-",2007.218628,6.029925,-1,422,2.0106,1.8996,2.1136,"PBANKA_0301300.1","conserved Plasmodium protein%2C unknown function",-425,1
"10","PbANKA_03_v3",106862,107769,"AP2-FG_70",884,"+",802.015442,5.591362,-1,700,1.9119,1.8243,1.9945,"PBANKA_0303600.1","26S proteasome regulatory subunit RPN1%2C putative",-221,1
"11","PbANKA_03_v3",173473,174240,"AP2-FG_74",1000,"-",936.126465,4.280713,-1,352,1.7846,1.8594,1.7058,"PBANKA_0305100.1","serine repeat antigen 1",-492,1
"12","PbANKA_03_v3",463362,464623,"AP2-FG_96",1000,"+",2252.779785,5.731251,-1,878,1.9484,1.8491,2.0413,"PBANKA_0313300.1","MtN3-like protein",-970,1
"13","PbANKA_03_v3",494897,495935,"AP2-FG_99",1000,"+",1322.697021,5.133833,-1,629,1.8973,1.8584,1.9352,"PBANKA_0314200.1","calcium-dependent protein kinase 1",-758,1
"14","PbANKA_03_v3",541966,542759,"AP2-FG_105",1000,"-",939.82251,4.861204,-1,498,1.789,1.8024,1.7755,"PBANKA_0315700.1","conserved Plasmodium protein%2C unknown function",-671,1
"15","PbANKA_03_v3",541966,542759,"AP2-FG_105",1000,"+",939.82251,4.861204,-1,498,1.789,1.8024,1.7755,"PBANKA_0315800.1","ribosome associated membrane protein RAMP4%2C putative",-796,2
"16","PbANKA_04_v3",93654,94565,"AP2-FG_116",1000,"-",1915.247314,6.236261,-1,348,2.2268,2.0679,2.3698,"PBANKA_0402500.1","phosphatidylethanolamine-binding protein%2C putative",-207,1
"17","PbANKA_04_v3",98547,99347,"AP2-FG_117",1000,"+",1996.908325,6.338025,-1,412,2.2592,2.07,2.4265,"PBANKA_0402700.1","inner membrane complex protein 1e",-816,1
"18","PbANKA_04_v3",179580,180463,"AP2-FG_126",1000,"-",1708.096191,5.917749,-1,466,1.9944,1.8562,2.1206,"PBANKA_0404700.1","glutaredoxin 1%2C putative",-546,1
"19","PbANKA_04_v3",185087,185774,"AP2-FG_127",1000,"+",1130.532593,5.45168,-1,303,1.9719,1.8102,2.1173,"PBANKA_0405000.1","ATP synthase-associated protein%2C putative",-379,1
"20","PbANKA_04_v3",185087,185774,"AP2-FG_127",1000,"-",1130.532593,5.45168,-1,303,1.9719,1.8102,2.1173,"PBANKA_0404900.1","cytochrome c oxidase subunit ApiCOX35%2C putative",-754,2
"21","PbANKA_04_v3",200195,201140,"AP2-FG_130",1000,"+",1997.986694,6.486742,-1,661,2.1783,2.0308,2.312,"PBANKA_0405600.1","microtubule-associated protein RP/EB family%2C putative",-270,1
"22","PbANKA_04_v3",358777,359842,"AP2-FG_143",1000,"+",2414.211182,5.953429,-1,358,2.0857,1.8935,2.2553,"PBANKA_0409700.1","plasmepsin VI%2C putative",-759,1
"23","PbANKA_04_v3",484063,484962,"AP2-FG_153",1000,"+",1983.647217,6.463975,-1,497,2.0652,1.8539,2.2495,"PBANKA_0413500.1","conserved Plasmodium protein%2C unknown function",-299,1
"24","PbANKA_04_v3",646199,646756,"AP2-FG_161",1000,"-",810.520996,6.098326,-1,279,2.0333,1.9389,2.1219,"PBANKA_0417200.1","PH domain-containing protein",-396,1
"25","PbANKA_04_v3",653058,653827,"AP2-FG_162",1000,"+",1846.601074,6.274063,-1,425,2.0012,1.8977,2.0978,"PBANKA_0417400.1","GTPase-activating protein%2C putative",-485,1
"26","PbANKA_05_v3",176716,177206,"AP2-FG_174",1000,"-",732.316711,5.567536,-1,186,2.0135,1.8335,2.1734,"PBANKA_0504400.1","conserved Plasmodium protein%2C unknown function",-389,1
"27","PbANKA_05_v3",413396,414257,"AP2-FG_189",1000,"-",1617.866821,5.862022,-1,493,1.9102,1.8097,2.0041,"PBANKA_0510000.1","conserved protein%2C unknown function",-847,1
"28","PbANKA_05_v3",438947,439560,"AP2-FG_192",1000,"-",860.763672,5.438583,-1,258,1.9568,1.806,2.0933,"PBANKA_0510800.1","conserved Plasmodium protein%2C unknown function",-173,1
"29","PbANKA_05_v3",491714,493371,"AP2-FG_200",1000,"-",1940.398193,5.700967,-1,477,1.9625,1.8933,2.0286,"PBANKA_0512700.1","conserved Plasmodium protein%2C unknown function",-400,1
"30","PbANKA_05_v3",500535,501550,"AP2-FG_202",1000,"-",2106.346924,6.056299,-1,431,2.1819,2.0139,2.3324,"PBANKA_0513000.1","inner membrane complex protein 1m%2C putative",-873,1
"31","PbANKA_05_v3",516247,517409,"AP2-FG_203",1000,"-",2505.893555,6.102564,-1,475,1.9446,1.8742,2.0117,"PBANKA_0513500.1","conserved Plasmodium protein%2C unknown function",-144,1
"32","PbANKA_05_v3",558662,563898,"AP2-FG_206",1000,"-",14064.478516,6.72573,-1,3905,2.2444,2.0888,2.3848,"PBANKA_0515000.1","ookinete surface protein P25",-426,1
"33","PbANKA_05_v3",597357,598016,"AP2-FG_208",1000,"-",1198.581543,5.59616,-1,365,2.0655,1.8414,2.2595,"PBANKA_0516000.1","conserved Plasmodium protein%2C unknown function",-308,1
"34","PbANKA_05_v3",597357,598016,"AP2-FG_208",1000,"+",1198.581543,5.59616,-1,365,2.0655,1.8414,2.2595,"PBANKA_0516100.1","conserved protein%2C unknown function",-642,2
"35","PbANKA_05_v3",627513,628448,"AP2-FG_211",1000,"+",1563.232178,5.644419,-1,438,1.8336,1.8563,1.8105,"PBANKA_0517000.1","early transcribed membrane protein",-680,1
"36","PbANKA_05_v3",643141,643931,"AP2-FG_212",1000,"+",1754.643677,5.949914,-1,469,2.1607,1.9513,2.3435,"PBANKA_0517600.1","plasmepsin VII",-289,1
"37","PbANKA_05_v3",726041,726940,"AP2-FG_216",1000,"+",1818.378784,5.955935,-1,519,2.1947,2.0428,2.3322,"PBANKA_0520100.1","conserved Plasmodium protein%2C unknown function",-365,1
"38","PbANKA_05_v3",828484,829056,"AP2-FG_224",1000,"+",1003.2901,5.295649,-1,217,2.02,1.9334,2.1018,"PBANKA_0522300.1","conserved Plasmodium protein%2C unknown function",-279,1
"39","PbANKA_05_v3",851206,852268,"AP2-FG_226",1000,"+",1956.742676,5.955557,-1,632,2.0504,1.947,2.147,"PBANKA_0522800.1","40S ribosomal protein S19%2C putative",-152,1
"40","PbANKA_05_v3",895399,896537,"AP2-FG_234",1000,"-",1830.268555,5.61685,-1,487,1.9503,1.9023,1.9968,"PBANKA_0524300.1","tryptophan-rich protein",-637,1
"41","PbANKA_06_v3",83918,84539,"AP2-FG_237",1000,"+",1355.758423,5.952109,-1,250,2.1162,2.0073,2.2175,"PBANKA_0600400.1","fam-a protein",-865,1
"42","PbANKA_06_v3",149422,154193,"AP2-FG_247",1000,"-",7291.043457,6.280948,-1,2512,2.1022,1.9999,2.1976,"PBANKA_0601900.1","high mobility group protein B1%2C putative",-529,1
"43","PbANKA_06_v3",175273,176897,"AP2-FG_251",1000,"+",2640.530029,5.507598,-1,1298,1.8986,1.8561,1.9399,"PBANKA_0602800.1","ubiquitin-conjugating enzyme E2%2C putative",-349,1
"44","PbANKA_06_v3",190928,191419,"AP2-FG_254",1000,"-",777.642273,5.273075,-1,244,2.0097,1.8693,2.1377,"PBANKA_0603300.1","sexual stage-specific protein G37",-404,1
"45","PbANKA_06_v3",296495,297105,"AP2-FG_257",1000,"-",770.203796,5.130786,-1,379,1.9403,1.8726,2.005,"PBANKA_0605800.1","LIMP protein",-263,1
"46","PbANKA_06_v3",296495,297105,"AP2-FG_257",1000,"+",770.203796,5.130786,-1,379,1.9403,1.8726,2.005,"PBANKA_0605900.1","conserved Plasmodium protein%2C unknown function",-966,2
"47","PbANKA_06_v3",445889,447048,"AP2-FG_271",1000,"-",1986.310791,5.882369,-1,362,2.0083,1.9105,2.0999,"PBANKA_0609800.1","DNA helicase MCM8%2C putative",-270,1
"48","PbANKA_06_v3",463073,463740,"AP2-FG_273",1000,"+",1351.599365,5.780239,-1,431,1.9912,1.9045,2.0731,"PBANKA_0610200.1","DNA replication licensing factor MCM5%2C putative",-310,1
"49","PbANKA_06_v3",534076,534974,"AP2-FG_280",1000,"+",2357.051758,6.523377,-1,484,2.1481,2.021,2.2648,"PBANKA_0612400.1","conserved Plasmodium protein%2C unknown function",-659,1
"50","PbANKA_06_v3",710938,711984,"AP2-FG_292",1000,"+",2372.164062,6.485206,-1,502,1.9869,1.8015,2.1511,"PBANKA_0616700.1","NIMA related kinase 4",-463,1
"51","PbANKA_06_v3",710938,711984,"AP2-FG_292",1000,"-",2372.164062,6.485206,-1,502,1.9869,1.8015,2.1511,"PBANKA_0616600.1","ATP synthase F0 subunit a-like protein%2C putative",-625,2
"52","PbANKA_06_v3",725382,726585,"AP2-FG_294",1000,"-",2718.039062,6.416567,-1,567,2.0021,1.864,2.128,"PBANKA_0617000.1","LEM3/CDC50 family protein%2C putative",-992,1
"53","PbANKA_06_v3",786697,787522,"AP2-FG_297",1000,"+",1534.586914,6.046991,-1,472,2.0275,1.9053,2.1403,"PBANKA_0619000.1","conserved Plasmodium protein%2C unknown function",-124,1
"54","PbANKA_06_v3",792493,793709,"AP2-FG_299",1000,"+",1931.265381,6.53149,-1,878,2.0914,2.0108,2.1676,"PBANKA_0619200.1","secreted ookinete protein%2C putative",-438,1
"55","PbANKA_06_v3",826514,827125,"AP2-FG_302",1000,"-",772.299011,5.060566,-1,170,1.8491,1.8128,1.8844,"PBANKA_0620600.1","protein CPH1%2C putative",-251,1
"56","PbANKA_06_v3",826514,827125,"AP2-FG_302",1000,"+",772.299011,5.060566,-1,170,1.8491,1.8128,1.8844,"PBANKA_0620700.1","conserved Plasmodium protein%2C unknown function",-556,2
"57","PbANKA_06_v3",836964,837734,"AP2-FG_303",1000,"-",1905.679688,6.23385,-1,451,2.0152,1.9296,2.096,"PBANKA_0621000.1","dynactin subunit 5%2C putative",-164,1
"58","PbANKA_06_v3",864136,864945,"AP2-FG_304",1000,"-",1609.203247,6.619297,-1,323,2.2438,2.0825,2.3888,"PBANKA_0621600.1","conserved Plasmodium protein%2C unknown function",-382,1
"59","PbANKA_06_v3",917736,919792,"AP2-FG_309",1000,"-",3012.670898,6.427319,-1,766,2.1009,1.9091,2.2702,"PBANKA_0622800.1","conserved protein%2C unknown function",-985,1
"60","PbANKA_07_v3",70050,73261,"AP2-FG_312",1000,"-",7615.568848,6.183586,-1,2772,2.0875,2.0469,2.127,"PBANKA_0700800.1","Plasmodium exported protein (PHIST)%2C unknown function",-611,1
"61","PbANKA_07_v3",120172,121230,"AP2-FG_314",1000,"-",1621.030762,5.688081,-1,338,2.0735,1.9672,2.1725,"PBANKA_0702000.1","conserved protein%2C unknown function",-238,1
"62","PbANKA_07_v3",141084,142556,"AP2-FG_318",1000,"-",2925.529541,6.149892,-1,793,2.1796,1.9671,2.3648,"PBANKA_0702700.1","rhomboid protease ROM3",-421,1
"63","PbANKA_07_v3",142737,143863,"AP2-FG_319",1000,"+",2965.439697,6.127673,-1,597,1.9929,1.9514,2.0333,"PBANKA_0702800.1","protein disulfide isomerase",-510,1
"64","PbANKA_07_v3",154468,155339,"AP2-FG_321",1000,"+",1821.138916,6.032102,-1,437,2.2074,1.9991,2.3894,"PBANKA_0703000.1","magnesium transporter%2C putative",-140,1
"65","PbANKA_07_v3",232359,233554,"AP2-FG_327",1000,"-",3286.084717,6.625246,-1,435,2.2523,2.0937,2.3952,"PBANKA_0704700.1","conserved Plasmodium protein%2C unknown function",-529,1
"66","PbANKA_07_v3",235526,236092,"AP2-FG_328",1000,"+",924.055786,5.542327,-1,276,2.0311,1.9135,2.1399,"PBANKA_0704900.1","conserved protein%2C unknown function",-468,1
"67","PbANKA_07_v3",235526,236092,"AP2-FG_328",1000,"-",924.055786,5.542327,-1,276,2.0311,1.9135,2.1399,"PBANKA_0704800.1","conserved protein%2C unknown function",-602,2
"68","PbANKA_07_v3",294812,296561,"AP2-FG_333",1000,"+",4245.338867,6.607163,-1,1010,2.2627,2.0957,2.4124,"PBANKA_0707100.1","inner membrane complex protein 1i",-977,1
"69","PbANKA_07_v3",457010,459159,"AP2-FG_349",1000,"-",5678.280762,5.946876,-1,454,1.8697,1.8501,1.889,"PBANKA_0711900.1","heat shock protein 70",-802,1
"70","PbANKA_07_v3",465793,466996,"AP2-FG_351",1000,"+",2762.900879,6.320971,-1,646,2.1032,1.9671,2.2276,"PBANKA_0712200.1","BEM46-like protein%2C putative",-608,1
"71","PbANKA_07_v3",532465,533439,"AP2-FG_362",1000,"+",2128.070312,6.439162,-1,482,2.1479,1.9909,2.2895,"PBANKA_0714000.1","meiotic recombination protein DMC1",-412,1
"72","PbANKA_07_v3",679071,680464,"AP2-FG_372",1000,"+",2528.350342,6.260571,-1,964,1.9747,1.8595,2.0814,"PBANKA_0719100.1","conserved Plasmodium protein%2C unknown function",-386,1
"73","PbANKA_07_v3",763928,765051,"AP2-FG_377",1000,"+",2941.831299,6.50457,-1,391,2.1992,1.9944,2.3785,"PBANKA_0720900.1","MOLO1 domain-containing protein%2C putative",-355,1
"74","PbANKA_07_v3",766283,767382,"AP2-FG_378",1000,"+",1813.630005,5.983403,-1,655,2.0756,1.8853,2.2438,"PBANKA_0721000.1","conserved protein%2C unknown function",-901,1
"75","PbANKA_08_v3",278656,279458,"AP2-FG_398",1000,"+",1401.661865,5.318967,-1,395,1.8946,1.8517,1.9363,"PBANKA_0805700.1","heat shock protein 90%2C putative",-814,1
"76","PbANKA_08_v3",368678,369882,"AP2-FG_400",1000,"-",2023.557251,5.492,-1,621,1.8095,1.8239,1.7948,"PBANKA_0807600.1","40S ribosomal protein S11%2C putative",-615,1
"77","PbANKA_08_v3",481366,482089,"AP2-FG_411",1000,"+",1506.799683,5.987397,-1,402,2.2141,2.0623,2.3514,"PBANKA_0810700.1","subpellicular microtubule protein 1%2C putative",-679,1
"78","PbANKA_08_v3",567010,568413,"AP2-FG_415",1000,"-",3378.031494,6.521909,-1,674,2.2079,2.0787,2.3264,"PBANKA_0812600.1","conserved Plasmodium protein%2C unknown function",-476,1
"79","PbANKA_08_v3",575259,575843,"AP2-FG_416",1000,"-",946.603271,5.615748,-1,323,1.9474,1.8376,2.0493,"PBANKA_0812900.1","conserved Plasmodium protein%2C unknown function",-774,1
"80","PbANKA_08_v3",597385,598772,"AP2-FG_418",1000,"+",2978.365967,6.186666,-1,607,2.0859,2.0099,2.1581,"PBANKA_0813700.1","conserved Plasmodium protein%2C unknown function",-227,1
"81","PbANKA_08_v3",660131,661029,"AP2-FG_424",1000,"-",1895.369385,6.179004,-1,278,2.1164,2.0678,2.1634,"PBANKA_0815800.1","GINS complex subunit Psf3%2C putative",-477,1
"82","PbANKA_08_v3",754313,755449,"AP2-FG_432",1000,"+",2464.546387,6.162831,-1,629,2.0312,1.9702,2.0896,"PBANKA_0818900.1","endoplasmic reticulum chaperone BiP%2C putative",-465,1
"83","PbANKA_08_v3",788326,789475,"AP2-FG_436",1000,"-",2292.552979,6.43519,-1,421,2.0144,1.92,2.1029,"PBANKA_0819700.1","dihydrouridine synthase%2C putative",-823,1
"84","PbANKA_08_v3",852227,853754,"AP2-FG_440",1000,"+",2290.204346,6.440792,-1,1027,2.0818,1.9809,2.1762,"PBANKA_0821600.1","CRAL/TRIO domain-containing protein%2C putative",-987,1
"85","PbANKA_08_v3",904499,905582,"AP2-FG_445",1000,"+",2690.25415,6.606078,-1,489,2.261,2.0962,2.4089,"PBANKA_0823200.1","conserved protein%2C unknown function",-162,1
"86","PbANKA_08_v3",987557,988033,"AP2-FG_452",1000,"+",790.264709,5.466692,-1,287,2.0278,1.8629,2.1757,"PBANKA_0825500.1","conserved Plasmodium protein%2C unknown function",-738,1
"87","PbANKA_08_v3",987557,988033,"AP2-FG_452",1000,"-",790.264709,5.466692,-1,287,2.0278,1.8629,2.1757,"PBANKA_0825400.1","conserved Plasmodium protein%2C unknown function",-944,2
"88","PbANKA_08_v3",996746,997374,"AP2-FG_453",1000,"+",1025.612061,5.712998,-1,300,2.079,1.964,2.1854,"PBANKA_0825700.1","telomeric repeat binding factor 1%2C putative",-415,1
"89","PbANKA_08_v3",1002386,1003559,"AP2-FG_454",1000,"-",2233.250488,5.808712,-1,438,2.0607,1.8682,2.2305,"PBANKA_0825900.1","conserved Plasmodium protein%2C unknown function",-618,1
"90","PbANKA_08_v3",1061573,1062517,"AP2-FG_462",1000,"-",1816.527222,5.964765,-1,325,2.0194,1.9156,2.1162,"PBANKA_0827300.1","tetratricopeptide repeat protein%2C putative",-323,1
"91","PbANKA_08_v3",1091308,1092212,"AP2-FG_464",1000,"+",1966.477661,5.955792,-1,379,2.0664,1.8908,2.223,"PBANKA_0828100.1","fumarate hydratase%2C putative",-939,1
"92","PbANKA_08_v3",1100087,1101426,"AP2-FG_465",1000,"+",2037.347534,6.091379,-1,1039,2.0587,1.9575,2.1532,"PBANKA_0828400.1","RNA-binding protein%2C putative",-692,1
"93","PbANKA_08_v3",1143336,1144759,"AP2-FG_471",1000,"+",3334.340088,6.32021,-1,878,1.9721,1.8281,2.103,"PBANKA_0830200.1","high molecular weight rhoptry protein 2",-870,1
"94","PbANKA_08_v3",1169503,1170261,"AP2-FG_473",1000,"+",1099.401978,4.610435,-1,537,1.8582,1.8837,1.8323,"PBANKA_0831000.1","merozoite surface protein 1",-494,1
"95","PbANKA_08_v3",1245157,1246257,"AP2-FG_476",1000,"+",2125.204346,5.5261,-1,647,1.9695,1.83,2.0967,"PBANKA_0833000.1","profilin",-420,1
"96","PbANKA_08_v3",1279354,1280093,"AP2-FG_479",1000,"+",1597.549805,6.115263,-1,453,2.0636,1.8949,2.2145,"PBANKA_0834200.1","conserved Plasmodium protein%2C unknown function",-330,1
"97","PbANKA_09_v3",79088,83317,"AP2-FG_486",1000,"+",9792.580078,6.62847,-1,3502,2.2062,2.0709,2.33,"PBANKA_0902300.1","conserved Plasmodium protein%2C unknown function",-841,1
"98","PbANKA_09_v3",99621,100600,"AP2-FG_487",1000,"-",2164.127197,6.507322,-1,449,2.1429,2.0139,2.2613,"PBANKA_0902500.1","oocyst rupture protein 1",-447,1
"99","PbANKA_09_v3",107508,108323,"AP2-FG_488",1000,"+",1067.945801,5.458639,-1,243,1.9347,1.8527,2.0122,"PBANKA_0902900.1","conserved protein%2C unknown function",-257,1
"100","PbANKA_09_v3",158739,159604,"AP2-FG_493",1000,"-",1453.265625,5.509494,-1,421,1.9119,1.8205,1.9978,"PBANKA_0904400.1","transcription initiation factor IIF subunit beta%2C putative",-866,1
"101","PbANKA_09_v3",213629,215212,"AP2-FG_502",1000,"+",2956.997559,6.436624,-1,1173,2.0336,1.9316,2.1288,"PBANKA_0906600.1","coproporphyrinogen-III oxidase%2C putative",-451,1
"102","PbANKA_09_v3",315828,316513,"AP2-FG_516",1000,"-",1369.874512,5.941072,-1,364,2.0244,1.9062,2.1336,"PBANKA_0909100.1","ER membrane protein complex subunit 8%2C putative",-152,1
"103","PbANKA_09_v3",315828,316513,"AP2-FG_516",1000,"+",1369.874512,5.941072,-1,364,2.0244,1.9062,2.1336,"PBANKA_0909200.1","conserved Plasmodium protein%2C unknown function",-871,2
"104","PbANKA_09_v3",329277,330186,"AP2-FG_517",1000,"+",2319.688477,6.414992,-1,399,2.2045,2.0791,2.3198,"PBANKA_0909500.1","AAA family ATPase%2C putative",-438,1
"105","PbANKA_09_v3",472630,473284,"AP2-FG_530",1000,"-",1231.190552,5.464539,-1,270,2.0936,1.9017,2.263,"PBANKA_0912500.1","conserved Plasmodium protein%2C unknown function",-423,1
"106","PbANKA_09_v3",564315,565119,"AP2-FG_532",1000,"-",1455.396362,6.099315,-1,417,1.9941,1.8884,2.0926,"PBANKA_0914600.1","RNA (uracil-5-)methyltransferase%2C putative",-528,1
"107","PbANKA_09_v3",593581,594289,"AP2-FG_536",1000,"-",1571.450073,6.410213,-1,370,2.065,1.9715,2.1528,"PBANKA_0915600.1","aquaglyceroporin",-301,1
"108","PbANKA_09_v3",641345,642197,"AP2-FG_539",1000,"+",1691.418945,5.974615,-1,590,2.0303,1.8811,2.1655,"PBANKA_0916900.1","conserved Plasmodium protein%2C unknown function",-183,1
"109","PbANKA_09_v3",657232,658184,"AP2-FG_541",1000,"-",2032.221436,6.380587,-1,485,2.1576,2.0312,2.2739,"PBANKA_0917400.1","armadillo repeat protein PF16",-809,1
"110","PbANKA_09_v3",695656,696544,"AP2-FG_545",1000,"-",2258.026367,6.254653,-1,468,2.2,2.0595,2.328,"PBANKA_0918600.1","phosphatidylinositol-4-phosphate 5-kinase%2C putative",-934,1
"111","PbANKA_09_v3",735707,736953,"AP2-FG_547",1000,"+",3565.268555,6.587177,-1,520,2.231,2.0341,2.4042,"PBANKA_0919900.1","ATP-dependent 6-phosphofructokinase%2C putative",-960,1
"112","PbANKA_09_v3",1133200,1134101,"AP2-FG_580",1000,"+",1858.237183,6.348996,-1,429,2.2132,2.0444,2.3642,"PBANKA_0931100.1","conserved protein%2C unknown function",-326,1
"113","PbANKA_09_v3",1226968,1227933,"AP2-FG_586",1000,"+",1858.62207,6.27244,-1,567,2.0432,1.865,2.2017,"PBANKA_0933800.1","conserved Plasmodium protein%2C unknown function",-276,1
"114","PbANKA_09_v3",1333552,1334591,"AP2-FG_596",1000,"-",1822.866211,5.812342,-1,406,2.0604,1.9581,2.1559,"PBANKA_0937100.1","vacuolar protein sorting-associated protein 35%2C putative",-688,1
"115","PbANKA_09_v3",1509049,1514764,"AP2-FG_615",1000,"-",15425.016602,6.646783,-1,2047,2.1739,2.0555,2.2834,"PBANKA_0941800.1","histone H2B%2C putative",-550,1
"116","PbANKA_10_v3",277954,278520,"AP2-FG_629",1000,"-",950.139954,5.952149,-1,284,2.0458,1.9696,2.1181,"PBANKA_1005300.1","conserved Plasmodium protein%2C unknown function",-90,1
"117","PbANKA_10_v3",675769,677173,"AP2-FG_649",1000,"+",2013.931763,6.428917,-1,965,2.1008,1.9323,2.2516,"PBANKA_1015500.1","AP2 domain transcription factor AP2-O3",-980,1
"118","PbANKA_10_v3",876069,876936,"AP2-FG_669",1000,"+",2171.2146,6.494635,-1,482,2.1507,1.9994,2.2875,"PBANKA_1021200.1","conserved Plasmodium protein%2C unknown function",-259,1
"119","PbANKA_10_v3",898394,899258,"AP2-FG_673",1000,"+",1522.957153,6.001467,-1,545,2.0329,1.9369,2.1229,"PBANKA_1022300.1","mannose-1-phosphate guanyltransferase%2C putative",-313,1
"120","PbANKA_10_v3",1080175,1081089,"AP2-FG_686",1000,"+",1831.417725,5.910872,-1,616,2.0123,1.8781,2.1351,"PBANKA_1026300.1","conserved protein%2C unknown function",-315,1
"121","PbANKA_10_v3",1104205,1105072,"AP2-FG_688",1000,"-",1258.221436,5.48224,-1,404,2.0659,1.849,2.2544,"PBANKA_1026900.1","ribosomal RNA small subunit methyltransferase A1%2C putative",-486,1
"122","PbANKA_10_v3",1275728,1276734,"AP2-FG_698",1000,"-",1750.570312,4.968047,-1,533,1.9913,1.8679,2.105,"PBANKA_1031500.1","conserved Plasmodium protein%2C unknown function",-837,1
"123","PbANKA_10_v3",1315877,1317040,"AP2-FG_699",1000,"-",1638.25769,6.138433,-1,336,2.1024,1.958,2.2337,"PBANKA_1032400.1","alpha/beta hydrolase%2C putative",-285,1
"124","PbANKA_10_v3",1434321,1435298,"AP2-FG_708",1000,"-",2215.837891,6.433729,-1,379,2.2327,2.108,2.3475,"PBANKA_1035200.1","LCCL domain-containing protein",-921,1
"125","PbANKA_10_v3",1438067,1439205,"AP2-FG_709",1000,"+",2041.60022,5.292148,-1,421,1.9635,1.8882,2.035,"PBANKA_1035400.1","glideosome associated protein with multiple membrane spans 3%2C putative",-974,1
"126","PbANKA_10_v3",1457400,1459033,"AP2-FG_711",1000,"-",4072.349121,6.439853,-1,557,2.0866,1.9876,2.1792,"PBANKA_1035900.1","glycerophosphodiester phosphodiesterase%2C putative",-338,1
"127","PbANKA_10_v3",1484024,1486619,"AP2-FG_713",1000,"+",5776.785645,6.45634,-1,2170,2.1374,2.034,2.2338,"PBANKA_1036600.1","ribonucleoside-diphosphate reductase small chain%2C putative",-462,1
"128","PbANKA_10_v3",1551530,1552955,"AP2-FG_717",1000,"+",2915.03418,6.625246,-1,945,2.3001,2.1198,2.4602,"PBANKA_1038800.1","conserved Plasmodium protein%2C unknown function",-553,1
"129","PbANKA_10_v3",1585045,1585744,"AP2-FG_720",1000,"-",1505.810181,5.380994,-1,362,1.9575,1.89,2.022,"PBANKA_1039700.1","cytochrome c oxidase subunit ApiCOX19%2C putative",-858,1
"130","PbANKA_11_v3",135377,137266,"AP2-FG_724",1000,"+",3407.18335,6.507629,-1,1096,2.1258,1.97,2.2664,"PBANKA_1103100.1","actin-depolymerizing factor 1",-595,1
"131","PbANKA_11_v3",225879,226467,"AP2-FG_730",1000,"-",904.02063,5.791492,-1,272,1.918,1.8641,1.97,"PBANKA_1105300.1","conserved Plasmodium protein%2C unknown function",-81,1
"132","PbANKA_11_v3",238113,239212,"AP2-FG_732",1000,"-",2085.933105,5.795485,-1,754,2.0605,1.8773,2.223,"PBANKA_1106000.1","conserved Plasmodium protein%2C unknown function",-528,1
"133","PbANKA_11_v3",252224,252826,"AP2-FG_733",1000,"+",1095.808228,5.779463,-1,308,1.9391,1.8379,2.0337,"PBANKA_1106300.1","GTPase-activating protein%2C putative",-199,1
"134","PbANKA_11_v3",274364,275393,"AP2-FG_736",1000,"-",2316.299805,6.521559,-1,494,2.1763,2.082,2.2649,"PBANKA_1107000.1","conserved Plasmodium protein%2C unknown function",-214,1
"135","PbANKA_11_v3",278188,279134,"AP2-FG_737",1000,"-",1829.836426,5.993768,-1,377,2.0455,1.9481,2.1367,"PBANKA_1107100.1","subtilisin-like protease 1",-877,1
"136","PbANKA_11_v3",307083,308018,"AP2-FG_739",1000,"+",2021.326294,6.546631,-1,477,2.1401,2.0189,2.2518,"PBANKA_1108000.1","conserved protein%2C unknown function",-289,1
"137","PbANKA_11_v3",499614,500547,"AP2-FG_753",1000,"+",2095.234131,6.170658,-1,680,2.0464,1.8711,2.2028,"PBANKA_1112700.1","conserved protein%2C unknown function",-179,1
"138","PbANKA_11_v3",520433,522045,"AP2-FG_755",1000,"+",3782.32959,6.636873,-1,1101,2.2324,2.0598,2.3864,"PBANKA_1113400.1","secreted ookinete protein",-434,1
"139","PbANKA_11_v3",529444,530243,"AP2-FG_756",1000,"-",1505.189697,5.508926,-1,430,2.0884,1.9216,2.2378,"PBANKA_1113700.1","tubulin--tyrosine ligase%2C putative",-85,1
"140","PbANKA_11_v3",580524,583010,"AP2-FG_762",1000,"+",4654.732422,6.585948,-1,1702,2.1928,2.0308,2.3384,"PBANKA_1115200.1","conserved Plasmodium protein%2C unknown function",-704,1
"141","PbANKA_11_v3",589654,591006,"AP2-FG_763",1000,"-",3196.068359,5.799257,-1,483,2.1399,1.9948,2.2717,"PBANKA_1115300.1","glideosome-associated protein 40%2C putative",-424,1
"142","PbANKA_11_v3",614451,615282,"AP2-FG_767",1000,"-",1664.02356,6.353467,-1,393,2.0916,1.9487,2.2216,"PBANKA_1116100.1","conserved protein%2C unknown function",-388,1
"143","PbANKA_11_v3",641524,646782,"AP2-FG_771",1000,"-",12610.165039,6.602779,-1,2661,2.1676,2.0477,2.2784,"PBANKA_1117000.1","histone H2A%2C putative",-517,1
"144","PbANKA_11_v3",646948,648113,"AP2-FG_772",1000,"+",2332.361084,5.548222,-1,728,1.9175,1.8515,1.9806,"PBANKA_1117100.1","histone H3 variant%2C putative",-321,1
"145","PbANKA_11_v3",664145,665010,"AP2-FG_773",1000,"+",1874.369507,6.318511,-1,520,2.0953,1.9794,2.2026,"PBANKA_1117700.1","malate dehydrogenase%2C putative",-310,1
"146","PbANKA_11_v3",752749,753557,"AP2-FG_778",1000,"-",1745.817505,6.293922,-1,465,2.1788,2.0074,2.332,"PBANKA_1120100.1","conserved Plasmodium protein%2C unknown function",-941,1
"147","PbANKA_11_v3",859408,860005,"AP2-FG_785",1000,"+",1241.861206,6.154479,-1,278,2.101,1.9322,2.2521,"PBANKA_1123200.1","CPW-WPC family protein",-370,1
"148","PbANKA_11_v3",859408,860005,"AP2-FG_785",1000,"-",1241.861206,6.154479,-1,278,2.101,1.9322,2.2521,"PBANKA_1123100.1","conserved Plasmodium protein%2C unknown function",-643,2
"149","PbANKA_11_v3",864405,865124,"AP2-FG_786",1000,"-",1194.884277,5.355481,-1,369,1.9507,1.8615,2.0347,"PBANKA_1123300.1","conserved protein%2C unknown function",-816,2
"150","PbANKA_11_v3",1006300,1006996,"AP2-FG_796",1000,"-",1079.692261,4.936769,-1,369,2.0396,1.8196,2.2305,"PBANKA_1126800.1","HECT-domain (ubiquitin-transferase)%2C putative",-860,1
"151","PbANKA_11_v3",1088351,1089149,"AP2-FG_798",1000,"-",1667.958496,6.153276,-1,395,1.9588,1.8685,2.0437,"PBANKA_1128600.1","cullin-like protein%2C putative",-743,1
"152","PbANKA_11_v3",1093560,1094466,"AP2-FG_799",1000,"-",1531.221802,5.781308,-1,363,2.0514,1.946,2.1497,"PBANKA_1128800.1","CPW-WPC family protein",-342,1
"153","PbANKA_11_v3",1112995,1113805,"AP2-FG_801",1000,"-",1144.841675,5.280209,-1,363,1.9095,1.8694,1.9485,"PBANKA_1129200.1","conserved Plasmodium protein%2C unknown function",-882,1
"154","PbANKA_11_v3",1139675,1140248,"AP2-FG_802",1000,"-",1096.617798,6.055414,-1,284,2.0373,1.9333,2.1343,"PBANKA_1129900.1","conserved Plasmodium protein%2C unknown function",-489,1
"155","PbANKA_11_v3",1139675,1140248,"AP2-FG_802",1000,"+",1096.617798,6.055414,-1,284,2.0373,1.9333,2.1343,"PBANKA_1130000.1","Ran-binding protein%2C putative",-525,2
"156","PbANKA_11_v3",1156648,1157353,"AP2-FG_803",1000,"-",1162.399292,5.885779,-1,285,2.1296,1.9559,2.2846,"PBANKA_1130600.1","conserved Plasmodium protein%2C unknown function",-347,1
"157","PbANKA_11_v3",1178668,1179455,"AP2-FG_806",1000,"-",1726.953125,6.314517,-1,339,2.2203,2.0951,2.3355,"PBANKA_1131400.1","metacaspase-1",-511,1
"158","PbANKA_11_v3",1178668,1179455,"AP2-FG_806",1000,"+",1726.953125,6.314517,-1,339,2.2203,2.0951,2.3355,"PBANKA_1131500.1","conserved Plasmodium protein%2C unknown function",-847,2
"159","PbANKA_11_v3",1189281,1189848,"AP2-FG_807",1000,"-",851.202637,5.131855,-1,265,1.959,1.8353,2.073,"PBANKA_1131700.1","RAP protein%2C putative",-355,1
"160","PbANKA_11_v3",1189281,1189848,"AP2-FG_807",1000,"+",851.202637,5.131855,-1,265,1.959,1.8353,2.073,"PBANKA_1131800.1","histone-lysine N-methyltransferase%2C putative",-641,2
"161","PbANKA_11_v3",1229201,1229898,"AP2-FG_811",1000,"+",1076.904663,5.129068,-1,264,1.9821,1.9358,2.027,"PBANKA_1132800.1","conserved Plasmodium protein%2C unknown function",-662,1
"162","PbANKA_11_v3",1305928,1306637,"AP2-FG_813",1000,"+",1430.695923,5.820288,-1,360,2.144,1.9861,2.2862,"PBANKA_1134900.1","zinc finger protein%2C putative",-678,1
"163","PbANKA_11_v3",1313992,1314693,"AP2-FG_814",1000,"+",1249.072021,5.411553,-1,303,1.8335,1.8222,1.8448,"PBANKA_1135100.1","40S ribosomal protein S15%2C putative",-798,1
"164","PbANKA_11_v3",1343096,1345341,"AP2-FG_815",1000,"+",5237.586914,6.629271,-1,1722,2.1154,2.0336,2.1929,"PBANKA_1135800.1","conserved Plasmodium protein%2C unknown function",-958,1
"165","PbANKA_11_v3",1468415,1469091,"AP2-FG_822",1000,"+",990.210205,4.94695,-1,303,1.9693,1.8847,2.0492,"PBANKA_1138800.1","conserved Plasmodium protein%2C unknown function",-879,1
"166","PbANKA_11_v3",1559073,1559786,"AP2-FG_824",1000,"+",1577.271973,6.236261,-1,305,2.227,2.077,2.3628,"PBANKA_1141400.1","DNA topoisomerase 6 subunit B%2C putative",-603,1
"167","PbANKA_11_v3",1594772,1596634,"AP2-FG_829",1000,"+",4008.252686,6.453204,-1,662,2.2161,2.048,2.3667,"PBANKA_1142400.1","nucleoside diphosphate kinase b%2C putative",-221,1
"168","PbANKA_11_v3",1614850,1615772,"AP2-FG_834",1000,"+",1742.331055,5.912794,-1,254,2.1209,1.9913,2.2398,"PBANKA_1143100.1","CLAMP domain-containing protein%2C putative",-766,1
"169","PbANKA_11_v3",1637967,1638749,"AP2-FG_836",1000,"+",1534.379272,5.978234,-1,416,2.1136,2.0307,2.192,"PBANKA_1143800.1","conserved Plasmodium protein%2C unknown function",-407,1
"170","PbANKA_12_v3",76429,77015,"AP2-FG_842",1000,"+",1164.763306,6.060214,-1,311,2.0959,2.0221,2.1661,"PBANKA_1201200.1","DnaJ protein%2C putative",-567,1
"171","PbANKA_12_v3",105612,106618,"AP2-FG_844",1000,"+",2357.186279,6.550412,-1,555,2.1278,2.0414,2.2094,"PBANKA_1202000.1","inner membrane complex protein 1c",-842,1
"172","PbANKA_12_v3",187931,188779,"AP2-FG_851",1000,"-",1849.882202,6.211535,-1,398,2.1823,2.0438,2.3086,"PBANKA_1204200.1","IMP1-like protein%2C putative",-851,1
"173","PbANKA_12_v3",190065,190963,"AP2-FG_852",1000,"-",1472.895752,5.708844,-1,281,2.0371,1.93,2.1369,"PBANKA_1204300.1","CCR4-NOT transcription complex subunit 5%2C putative",-237,1
"174","PbANKA_12_v3",365028,366347,"AP2-FG_869",1000,"+",2614.934814,6.063579,-1,984,2.1011,1.9916,2.2029,"PBANKA_1209700.1","protein ARV1%2C putative",-1,1
"175","PbANKA_12_v3",449280,450257,"AP2-FG_877",1000,"+",2479.766113,6.595096,-1,514,2.2213,2.0905,2.3412,"PBANKA_1212000.1","conserved Plasmodium protein%2C unknown function",-941,1
"176","PbANKA_12_v3",504985,505595,"AP2-FG_879",1000,"+",1016.753174,5.983768,-1,305,2.0597,1.9418,2.1687,"PBANKA_1213100.1","prohibitin 2",-971,1
"177","PbANKA_12_v3",539348,541043,"AP2-FG_883",1000,"+",2954.858398,6.353784,-1,1065,2.1286,1.9976,2.2486,"PBANKA_1214200.1","ribonucleoside-diphosphate reductase small chain%2C putative",-336,1
"178","PbANKA_12_v3",539348,541043,"AP2-FG_883",1000,"-",2954.858398,6.353784,-1,1065,2.1286,1.9976,2.2486,"PBANKA_1214100.1","tubulin binding cofactor c%2C putative",-876,2
"179","PbANKA_12_v3",707839,708839,"AP2-FG_894",1000,"-",2152.362061,6.442054,-1,363,2.1905,2.0626,2.3079,"PBANKA_1218300.1","CPW-WPC family protein",-411,1
"180","PbANKA_12_v3",712782,714123,"AP2-FG_896",1000,"-",2696.904297,6.11028,-1,700,1.949,1.9172,1.9802,"PBANKA_1218500.1","protein phosphatase inhibitor 2%2C putative",-160,1
"181","PbANKA_12_v3",715161,715822,"AP2-FG_897",1000,"+",966.459106,5.677846,-1,395,1.9132,1.8066,2.0125,"PBANKA_1218600.1","conserved protein%2C unknown function",-399,1
"182","PbANKA_12_v3",880252,881296,"AP2-FG_911",1000,"-",1570.968994,6.028142,-1,552,2.0684,1.9187,2.204,"PBANKA_1223200.1","coenzyme Q-binding protein COQ10 homolog%2C mitochondrial%2C putative",-124,1
"183","PbANKA_12_v3",938607,940498,"AP2-FG_913",1000,"+",4828.37793,6.545758,-1,924,2.1201,1.9195,2.2961,"PBANKA_1224900.1","conserved Plasmodium protein%2C unknown function",-946,1
"184","PbANKA_12_v3",1030782,1031502,"AP2-FG_920",1000,"-",1324.374023,5.963515,-1,314,2.0324,1.8993,2.1542,"PBANKA_1226800.1","DNA repair and recombination protein RAD54%2C putative",-507,1
"185","PbANKA_12_v3",1102481,1103013,"AP2-FG_924",1000,"-",1013.233643,5.603916,-1,294,1.9709,1.8432,2.0882,"PBANKA_1228300.1","lysine-specific histone demethylase%2C putative",-978,1
"186","PbANKA_12_v3",1205995,1207324,"AP2-FG_926",1000,"+",2605.60083,6.600044,-1,821,2.1616,2.0201,2.2905,"PBANKA_1231300.1","major facilitator superfamily domain-containing protein%2C putative",-434,1
"187","PbANKA_12_v3",1253371,1254469,"AP2-FG_932",1000,"-",2311.879883,6.492296,-1,452,2.2224,2.0401,2.3843,"PBANKA_1232300.1","UTP--glucose-1-phosphate uridylyltransferase%2C putative",-292,1
"188","PbANKA_12_v3",1255318,1257029,"AP2-FG_933",1000,"-",3053.527344,5.325634,-1,290,1.9107,1.8115,2.0035,"PBANKA_1232400.1","F-actin-capping protein subunit beta",-234,1
"189","PbANKA_12_v3",1293487,1294633,"AP2-FG_937",1000,"-",2269.087891,6.306073,-1,446,2.182,2.0719,2.2842,"PBANKA_1233500.1","mRNA-binding protein PUF1",-873,1
"190","PbANKA_12_v3",1380542,1381053,"AP2-FG_946",1000,"-",794.711609,4.903805,-1,260,1.9017,1.8408,1.9601,"PBANKA_1236200.1","conserved Plasmodium protein%2C unknown function",-450,1
"191","PbANKA_12_v3",1385035,1385639,"AP2-FG_947",1000,"+",834.955811,5.351051,-1,257,1.9179,1.8258,2.0044,"PBANKA_1236400.1","AFG1-like ATPase%2C putative",-341,1
"192","PbANKA_12_v3",1500024,1501137,"AP2-FG_955",1000,"-",1751.290649,5.959506,-1,659,2.1411,2.0362,2.2388,"PBANKA_1239000.1","conserved Plasmodium membrane protein%2C unknown function",-799,1
"193","PbANKA_12_v3",1556046,1556899,"AP2-FG_961",1000,"+",1845.804443,5.963188,-1,482,2.2357,2.0213,2.4223,"PBANKA_1240700.1","NIMA related kinase 2",-186,1
"194","PbANKA_12_v3",1638406,1639151,"AP2-FG_969",1000,"-",1252.597412,5.909642,-1,396,2.0281,1.9762,2.0781,"PBANKA_1243500.1","conserved protein%2C unknown function",-284,1
"195","PbANKA_12_v3",1701150,1701674,"AP2-FG_975",1000,"-",990.43219,5.629245,-1,242,2.0408,1.9215,2.151,"PBANKA_1245150.1","dolichol-phosphate mannosyltransferase subunit 3%2C putative",-150,1
"196","PbANKA_12_v3",1701150,1701674,"AP2-FG_975",1000,"+",990.43219,5.629245,-1,242,2.0408,1.9215,2.151,"PBANKA_1245200.1","CPW-WPC family protein",-243,2
"197","PbANKA_13_v3",57833,59200,"AP2-FG_978",1000,"-",2250.419189,6.380874,-1,311,2.2796,2.085,2.451,"PBANKA_1300700.1","LCCL domain-containing protein",-680,1
"198","PbANKA_13_v3",400983,401645,"AP2-FG_990",1000,"+",1016.492676,5.027452,-1,364,1.971,1.9193,2.0208,"PBANKA_1308200.1","1-acyl-sn-glycerol-3-phosphate acyltransferase%2C putative",-960,1
"199","PbANKA_13_v3",459811,460512,"AP2-FG_994",1000,"-",1401.348511,5.949914,-1,355,2.1657,2.0077,2.3081,"PBANKA_1309800.1","conserved Plasmodium protein%2C unknown function",-486,1
"200","PbANKA_13_v3",548339,550576,"AP2-FG_1006",1000,"-",4654.104004,6.506739,-1,614,2.1758,2.0985,2.2491,"PBANKA_1312700.1","gamete egress and sporozoite traversal protein",-565,1
"201","PbANKA_13_v3",648921,649775,"AP2-FG_1014",1000,"-",1627.953003,5.804639,-1,495,2.1344,1.9819,2.2724,"PBANKA_1315300.1","LCCL domain-containing protein",-836,1
"202","PbANKA_13_v3",726776,727483,"AP2-FG_1018",1000,"-",1433.381348,6.130759,-1,264,2.2029,1.9979,2.3823,"PBANKA_1317200.1","NAD(P) transhydrogenase%2C putative",-548,1
"203","PbANKA_13_v3",766793,767800,"AP2-FG_1020",1000,"+",2285.433594,6.313461,-1,657,2.2559,2.0515,2.435,"PBANKA_1318500.1","conserved Plasmodium protein%2C unknown function",-428,1
"204","PbANKA_13_v3",769968,771054,"AP2-FG_1021",1000,"-",2465.231689,6.503985,-1,444,2.2742,2.1214,2.4124,"PBANKA_1318600.1","conserved protein%2C unknown function",-566,1
"205","PbANKA_13_v3",776016,776918,"AP2-FG_1023",1000,"-",2067.290527,6.271641,-1,451,2.1903,2.0521,2.3164,"PBANKA_1318800.1","protein tyrosine phosphatase",-525,1
"206","PbANKA_13_v3",805497,806186,"AP2-FG_1025",1000,"+",1174.031006,5.14071,-1,284,2.03,1.8484,2.1913,"PBANKA_1319500.1","LCCL domain-containing protein",-676,1
"207","PbANKA_13_v3",830490,831398,"AP2-FG_1026",1000,"-",1842.425171,6.478244,-1,504,2.1888,2.0601,2.3069,"PBANKA_1320100.1","conserved Plasmodium protein%2C unknown function",-878,1
"208","PbANKA_13_v3",856318,857641,"AP2-FG_1027",1000,"-",2144.576416,5.384113,-1,293,1.938,1.863,2.0094,"PBANKA_1320700.1","signal peptide peptidase%2C putative",-387,1
"209","PbANKA_13_v3",987888,988825,"AP2-FG_1031",1000,"+",2196.783203,6.647642,-1,530,2.3126,2.1146,2.4867,"PBANKA_1324800.1","conserved Plasmodium protein%2C unknown function",-316,1
"210","PbANKA_13_v3",1003835,1004392,"AP2-FG_1032",1000,"-",840.511719,5.385805,-1,266,1.9929,1.8271,2.1416,"PBANKA_1325400.1","conserved Plasmodium protein%2C unknown function",-438,1
"211","PbANKA_13_v3",1003835,1004392,"AP2-FG_1032",1000,"+",840.511719,5.385805,-1,266,1.9929,1.8271,2.1416,"PBANKA_1325500.1","conserved Plasmodium protein%2C unknown function",-636,2
"212","PbANKA_13_v3",1037172,1038091,"AP2-FG_1033",1000,"-",1568.899902,5.532661,-1,398,1.9029,1.8482,1.9556,"PBANKA_1326300.1","cytochrome c1 precursor%2C putative",-860,1
"213","PbANKA_13_v3",1046658,1047466,"AP2-FG_1034",1000,"-",1566.713135,6.144598,-1,299,1.9276,1.8547,1.997,"PBANKA_1326600.1","mediator of RNA polymerase II transcription subunit 20%2C putative",-333,1
"214","PbANKA_13_v3",1161297,1162124,"AP2-FG_1038",1000,"-",1583.749268,5.572714,-1,266,1.9274,1.8285,2.02,"PBANKA_1329100.1","plasmepsin VIII",-336,1
"215","PbANKA_13_v3",1220154,1220820,"AP2-FG_1040",1000,"+",904.781494,5.544496,-1,400,1.9629,1.8212,2.0919,"PBANKA_1329900.1","conserved Plasmodium protein%2C unknown function",-336,1
"216","PbANKA_13_v3",1291572,1292365,"AP2-FG_1048",1000,"-",917.756958,5.248742,-1,468,1.8579,1.8055,1.9085,"PBANKA_1331800.1","derlin-1%2C putative",-637,1
"217","PbANKA_13_v3",1353417,1354276,"AP2-FG_1052",1000,"+",1228.422363,5.499729,-1,583,2.0315,1.9244,2.1312,"PBANKA_1333700.1","phosphodiesterase delta",-704,1
"218","PbANKA_13_v3",1389778,1390616,"AP2-FG_1054",1000,"+",1344.779785,5.194496,-1,404,1.9747,1.9135,2.0335,"PBANKA_1334800.1","conserved Plasmodium protein%2C unknown function",-794,1
"219","PbANKA_13_v3",1389778,1390616,"AP2-FG_1054",1000,"-",1344.779785,5.194496,-1,404,1.9747,1.9135,2.0335,"PBANKA_1334700.1","transmembrane protein 43%2C putative",-919,2
"220","PbANKA_13_v3",1397226,1397830,"AP2-FG_1055",1000,"+",1075.831055,6.017871,-1,310,2.1229,1.9497,2.2775,"PBANKA_1335000.1","conserved Plasmodium protein%2C unknown function",-220,1
"221","PbANKA_13_v3",1435091,1435859,"AP2-FG_1058",1000,"-",964.934814,4.994325,-1,363,1.9753,1.8606,2.0816,"PBANKA_1336200.1","conserved Plasmodium protein%2C unknown function",-354,1
"222","PbANKA_13_v3",1502289,1503456,"AP2-FG_1063",1000,"+",2284.621094,5.949907,-1,392,2.0149,1.882,2.1366,"PBANKA_1338100.1","conserved protein%2C unknown function",-764,2
"223","PbANKA_13_v3",1522553,1524306,"AP2-FG_1067",1000,"+",2806.917236,6.078366,-1,1078,2.1469,1.9866,2.2913,"PBANKA_1338900.1","glideosome associated protein with multiple membrane spans 1%2C putative",-594,1
"224","PbANKA_13_v3",1790331,1791149,"AP2-FG_1083",1000,"+",1337.620361,5.757197,-1,551,2.0251,1.9465,2.0996,"PBANKA_1345500.1","CTLH domain-containing protein%2C putative",-153,1
"225","PbANKA_13_v3",1795043,1795807,"AP2-FG_1084",1000,"+",1695.269897,6.115435,-1,373,2.0997,1.8858,2.286,"PBANKA_1345700.1","GPI transamidase subunit PIG-U%2C putative",-150,1
"226","PbANKA_13_v3",1879817,1881080,"AP2-FG_1093",1000,"-",2691.412842,5.681563,-1,341,2.1416,1.9415,2.3172,"PBANKA_1348700.1","RING zinc finger protein%2C putative",-983,1
"227","PbANKA_13_v3",1888892,1889507,"AP2-FG_1095",1000,"-",1078.792969,5.248707,-1,274,1.9821,1.9963,1.9677,"PBANKA_1349000.1","MSP7-like protein",-364,1
"228","PbANKA_13_v3",1893450,1894355,"AP2-FG_1096",1000,"-",1795.339111,6.12443,-1,422,1.9941,1.8306,2.1409,"PBANKA_1349200.1","MSP7-like protein",-518,1
"229","PbANKA_13_v3",1895856,1896397,"AP2-FG_1097",1000,"-",844.13092,5.607693,-1,288,2.0526,1.9199,2.1741,"PBANKA_1349300.1","conserved Plasmodium protein%2C unknown function",-261,1
"230","PbANKA_13_v3",1925899,1926941,"AP2-FG_1103",1000,"-",1853.740234,5.609179,-1,549,1.8633,1.8492,1.8772,"PBANKA_1350500.1","parasitophorous vacuolar protein 3",-508,1
"231","PbANKA_13_v3",1993683,1994174,"AP2-FG_1108",1000,"-",748.633301,4.951895,-1,221,1.9762,1.8187,2.1181,"PBANKA_1352400.1","conserved protein%2C unknown function",-162,1
"232","PbANKA_13_v3",1998748,1999167,"AP2-FG_1109",1000,"-",639.907349,4.945872,-1,236,1.9304,1.8386,2.0167,"PBANKA_1352500.1","CPW-WPC family protein",-400,1
"233","PbANKA_13_v3",2038620,2040264,"AP2-FG_1116",1000,"-",4477.150391,6.632407,-1,637,2.3103,2.0959,2.4969,"PBANKA_1353800.1","conserved Plasmodium protein%2C unknown function",-453,1
"234","PbANKA_13_v3",2043426,2044042,"AP2-FG_1117",1000,"-",1238.04895,6.209686,-1,292,2.1881,2.032,2.329,"PBANKA_1353900.1","conserved Plasmodium protein%2C unknown function",-444,1
"235","PbANKA_13_v3",2059035,2059842,"AP2-FG_1121",1000,"+",1737.194458,5.777796,-1,380,1.9595,1.9164,2.0013,"PBANKA_1354500.1","60S ribosomal protein L18-2%2C putative",-931,1
"236","PbANKA_13_v3",2059035,2059842,"AP2-FG_1121",1000,"-",1737.194458,5.777796,-1,380,1.9595,1.9164,2.0013,"PBANKA_1354400.1","60S ribosomal protein L18%2C putative",-975,2
"237","PbANKA_13_v3",2091261,2091777,"AP2-FG_1124",1000,"-",957.980347,5.934872,-1,261,2.0276,1.8456,2.1892,"PBANKA_1355500.1","casein kinase II beta chain%2C putative",-758,1
"238","PbANKA_13_v3",2209772,2210453,"AP2-FG_1127",1000,"+",1609.473877,6.369941,-1,357,2.3013,2.0825,2.4911,"PBANKA_1357900.1","conserved Plasmodium protein%2C unknown function",-352,1
"239","PbANKA_13_v3",2274630,2275445,"AP2-FG_1129",1000,"-",1913.819214,6.348003,-1,380,2.1513,1.9988,2.2891,"PBANKA_1359500.1","conserved protein%2C unknown function",-557,1
"240","PbANKA_13_v3",2279654,2280570,"AP2-FG_1131",1000,"-",1950.067749,5.610005,-1,338,2.0821,1.8897,2.2518,"PBANKA_1359700.1","6-cysteine protein",-435,1
"241","PbANKA_13_v3",2298223,2299450,"AP2-FG_1134",1000,"+",1239.507446,5.093398,-1,1026,1.9142,1.8244,1.9988,"PBANKA_1360400.1","conserved protein%2C unknown function",-187,1
"242","PbANKA_13_v3",2362845,2363894,"AP2-FG_1138",1000,"-",1865.837646,5.532163,-1,489,2.1055,1.9714,2.2281,"PBANKA_1361800.1","conserved Plasmodium protein%2C unknown function",-127,1
"243","PbANKA_13_v3",2368699,2370657,"AP2-FG_1139",1000,"+",3779.983398,6.433995,-1,1232,2.1046,1.9884,2.2121,"PBANKA_1362100.1","tyrosine kinase-like protein%2C putative",-679,1
"244","PbANKA_13_v3",2434391,2435561,"AP2-FG_1146",1000,"+",2274.279053,6.067627,-1,705,1.9459,1.9193,1.972,"PBANKA_1364200.1","60S ribosomal protein L17%2C putative",-447,1
"245","PbANKA_13_v3",2436478,2438307,"AP2-FG_1147",1000,"+",2955.378418,6.323723,-1,1395,2.0875,1.9752,2.1916,"PBANKA_1364300.1","glycerol kinase%2C putative",-450,1
"246","PbANKA_13_v3",2473222,2475026,"AP2-FG_1150",1000,"-",3145.435303,5.925486,-1,728,2.1109,1.9662,2.2424,"PBANKA_1365200.1","thioredoxin-related protein%2C putative",-535,1
"247","PbANKA_14_v3",83440,85605,"AP2-FG_1153",1000,"-",4887.005859,6.508161,-1,1176,2.1216,2.0734,2.1683,"PBANKA_1400700.1","Plasmodium exported protein%2C unknown function",-854,1
"248","PbANKA_14_v3",200545,201761,"AP2-FG_1157",1000,"-",2753.55835,6.621739,-1,449,2.2504,2.1036,2.3836,"PBANKA_1403300.1","NLI interacting factor-like phosphatase",-898,1
"249","PbANKA_14_v3",203553,204273,"AP2-FG_1158",1000,"+",1251.624268,5.185047,-1,375,1.9601,1.9091,2.0094,"PBANKA_1403500.1","MCL1 domain-containing protein%2C putative",-631,1
"250","PbANKA_14_v3",247445,248319,"AP2-FG_1159",1000,"-",1057.375122,5.370693,-1,312,2.0956,1.8717,2.2893,"PBANKA_1404700.1","conserved protein%2C unknown function",-163,1
"251","PbANKA_14_v3",301032,301755,"AP2-FG_1163",1000,"+",1375.216064,5.588329,-1,350,2.0261,2.0184,2.0337,"PBANKA_1406500.1","conserved Plasmodium protein%2C unknown function",-585,1
"252","PbANKA_14_v3",332195,333159,"AP2-FG_1164",1000,"-",2290.364258,6.223226,-1,408,2.129,2.057,2.1975,"PBANKA_1406900.1","conserved Plasmodium protein%2C unknown function",-290,1
"253","PbANKA_14_v3",335395,336025,"AP2-FG_1165",1000,"-",888.167419,5.473804,-1,325,1.9957,1.9282,2.0602,"PBANKA_1407000.1","conserved Plasmodium protein%2C unknown function",-631,1
"254","PbANKA_14_v3",385158,385974,"AP2-FG_1168",1000,"+",1124.458618,5.031399,-1,422,1.9433,1.8064,2.0684,"PBANKA_1408500.1","ATP synthase subunit O%2C mitochondrial%2C putative",-552,1
"255","PbANKA_14_v3",458410,459261,"AP2-FG_1171",1000,"-",1706.772217,6.285791,-1,483,2.2459,2.0706,2.4021,"PBANKA_1410950.1","apical ring associated protein 1",-750,2
"256","PbANKA_14_v3",470486,472305,"AP2-FG_1172",1000,"+",2846.558105,6.08679,-1,1458,1.9891,1.9334,2.0428,"PBANKA_1411300.1","eukaryotic translation initation factor 4 gamma%2C putative",-675,1
"257","PbANKA_14_v3",590158,591077,"AP2-FG_1177",1000,"-",1599.077026,5.951054,-1,279,2.1162,1.9112,2.2957,"PBANKA_1414500.1","protein kinase%2C putative",-419,1
"258","PbANKA_14_v3",598784,599587,"AP2-FG_1178",1000,"-",1442.658813,5.728618,-1,260,2.0715,1.9729,2.1639,"PBANKA_1414800.1","conserved Plasmodium protein%2C unknown function",-300,1
"259","PbANKA_14_v3",598784,599587,"AP2-FG_1178",1000,"+",1442.658813,5.728618,-1,260,2.0715,1.9729,2.1639,"PBANKA_1414900.1","SAS6-like protein",-641,2
"260","PbANKA_14_v3",610466,611129,"AP2-FG_1180",1000,"+",1263.928711,5.714794,-1,323,2.1764,1.929,2.3874,"PBANKA_1415200.1","conserved protein%2C unknown function",-385,1
"261","PbANKA_14_v3",624319,625246,"AP2-FG_1181",1000,"+",1952.793945,5.810285,-1,371,2.0813,1.9571,2.1957,"PBANKA_1415600.1","DNA replication licensing factor MCM4%2C putative",-937,1
"262","PbANKA_14_v3",754621,755274,"AP2-FG_1188",1000,"+",1241.110352,6.04291,-1,311,2.0503,1.9726,2.1241,"PBANKA_1419100.1","dihydrolipoyllysine-residue succinyltransferase component of 2-oxoglutarate dehydrogenase complex%2C putative",-376,1
"263","PbANKA_14_v3",758932,759630,"AP2-FG_1190",1000,"-",1331.543335,6.206703,-1,365,2.0326,1.9575,2.104,"PBANKA_1419200.1","RNA-binding protein%2C putative",-754,1
"264","PbANKA_14_v3",758932,759630,"AP2-FG_1190",1000,"+",1331.543335,6.206703,-1,365,2.0326,1.9575,2.104,"PBANKA_1419300.1","conserved Plasmodium protein%2C unknown function",-956,2
"265","PbANKA_14_v3",856239,856685,"AP2-FG_1195",1000,"-",678.032654,5.269567,-1,150,1.9554,1.8791,2.0278,"PBANKA_1421500.1","conserved Plasmodium protein%2C unknown function",-440,1
"266","PbANKA_14_v3",891366,892073,"AP2-FG_1200",1000,"+",1472.04187,5.79575,-1,307,2.1652,1.9672,2.3393,"PBANKA_1422900.1","conserved protein%2C unknown function",-516,1
"267","PbANKA_14_v3",891366,892073,"AP2-FG_1200",1000,"-",1472.04187,5.79575,-1,307,2.1652,1.9672,2.3393,"PBANKA_1422800.1","conserved Plasmodium protein%2C unknown function",-767,2
"268","PbANKA_14_v3",896835,897496,"AP2-FG_1201",1000,"+",1009.991882,5.208022,-1,410,1.9589,1.8495,2.0607,"PBANKA_1423100.1","phospholipase DDHD1%2C putative",-403,1
"269","PbANKA_14_v3",1163522,1164565,"AP2-FG_1226",1000,"+",2356.115479,5.839634,-1,442,2.0027,1.9537,2.0501,"PBANKA_1430300.1","conserved Plasmodium protein%2C unknown function",-704,1
"270","PbANKA_14_v3",1163522,1164565,"AP2-FG_1226",1000,"-",2356.115479,5.839634,-1,442,2.0027,1.9537,2.0501,"PBANKA_1430200.1","ER membrane protein complex subunit 6%2C putative",-732,2
"271","PbANKA_14_v3",1169101,1170420,"AP2-FG_1227",1000,"+",1925.261108,6.497419,-1,373,2.1768,2.0501,2.2933,"PBANKA_1430600.1","conserved Plasmodium protein%2C unknown function",-388,1
"272","PbANKA_14_v3",1211650,1215570,"AP2-FG_1231",1000,"-",8687.615234,6.628866,-1,806,2.2822,2.1264,2.4228,"PBANKA_1432200.1","male development gene 1",-506,1
"273","PbANKA_14_v3",1253216,1254318,"AP2-FG_1235",1000,"+",2161.758057,5.751684,-1,674,2.1706,2.0106,2.3147,"PBANKA_1433700.1","conserved Plasmodium protein%2C unknown function",-771,1
"274","PbANKA_14_v3",1285718,1286455,"AP2-FG_1236",1000,"-",1366.578979,5.97376,-1,353,2.1322,2.0058,2.2485,"PBANKA_1434400.1","secreted ookinete protein%2C putative",-402,1
"275","PbANKA_14_v3",1323421,1325198,"AP2-FG_1238",1000,"-",2930.546631,6.600004,-1,356,2.1585,2.0399,2.268,"PBANKA_1435200.1","zinc finger protein%2C putative",-298,1
"276","PbANKA_14_v3",1369797,1370445,"AP2-FG_1240",1000,"+",1082.390015,6.018781,-1,340,2.0545,1.933,2.1666,"PBANKA_1436300.1","conserved Plasmodium protein%2C unknown function",-361,1
"277","PbANKA_14_v3",1385537,1386164,"AP2-FG_1242",1000,"+",1304.406372,6.189453,-1,330,2.1149,1.9697,2.2469,"PBANKA_1436800.1","protein TSSC1%2C putative",-810,1
"278","PbANKA_14_v3",1428736,1429524,"AP2-FG_1246",1000,"-",1871.900879,6.448906,-1,425,2.0697,2.0125,2.1247,"PBANKA_1437700.1","conserved Plasmodium protein%2C unknown function",-454,1
"279","PbANKA_14_v3",1428736,1429524,"AP2-FG_1246",1000,"+",1871.900879,6.448906,-1,425,2.0697,2.0125,2.1247,"PBANKA_1437800.1","conserved Plasmodium protein%2C unknown function",-691,2
"280","PbANKA_14_v3",1481995,1482763,"AP2-FG_1252",1000,"+",1186.088135,5.366831,-1,421,2.0615,1.8396,2.2537,"PBANKA_1439100.1","BRO1 domain-containing protein%2C putative",-522,1
"281","PbANKA_14_v3",1653390,1654179,"AP2-FG_1261",1000,"-",1396.720581,4.786909,-1,359,1.7884,1.823,1.753,"PBANKA_1443300.1","merozoite surface protein 9%2C putative",-600,1
"282","PbANKA_14_v3",1814985,1815727,"AP2-FG_1274",1000,"-",1376.803467,6.102163,-1,382,1.9495,1.8144,2.0731,"PBANKA_1447200.1","CG2-related protein%2C putative",-309,1
"283","PbANKA_14_v3",1814985,1815727,"AP2-FG_1274",1000,"+",1376.803467,6.102163,-1,382,1.9495,1.8144,2.0731,"PBANKA_1447300.1","conserved Plasmodium protein%2C unknown function",-745,2
"284","PbANKA_14_v3",1888312,1889130,"AP2-FG_1277",1000,"+",1875.586426,5.882402,-1,495,2.0772,1.8565,2.2687,"PBANKA_1448800.1","helicase%2C putative",-458,1
"285","PbANKA_14_v3",1909701,1910946,"AP2-FG_1279",1000,"-",3230.409912,6.20938,-1,676,2.0078,1.8891,2.1175,"PBANKA_1449300.1","upregulated in late gametocytes ULG8%2C putative",-781,1
"286","PbANKA_14_v3",1921527,1923094,"AP2-FG_1281",1000,"-",3101.670654,6.140624,-1,605,2.0378,1.884,2.1768,"PBANKA_1449700.1","conserved protein%2C unknown function",-511,1
"287","PbANKA_14_v3",1941023,1941889,"AP2-FG_1284",1000,"+",1825.790405,6.118787,-1,529,2.0666,1.9737,2.1539,"PBANKA_1450200.1","serine hydroxymethyltransferase%2C putative",-198,1
"288","PbANKA_14_v3",1944053,1944813,"AP2-FG_1285",1000,"+",1541.263916,5.890593,-1,406,2.0109,1.9488,2.0704,"PBANKA_1450300.1","ATP synthase subunit beta%2C mitochondrial",-533,1
"289","PbANKA_14_v3",1985576,1986405,"AP2-FG_1289",1000,"-",1880.854858,6.468428,-1,356,2.1886,1.9932,2.3607,"PBANKA_1451500.1","conserved Plasmodium protein%2C unknown function",-339,1
"290","PbANKA_14_v3",2073623,2074245,"AP2-FG_1297",1000,"-",1177.381836,6.119877,-1,270,2.0688,1.9356,2.1908,"PBANKA_1453900.1","conserved protein%2C unknown function",-264,1
"291","PbANKA_14_v3",2073623,2074245,"AP2-FG_1297",1000,"+",1177.381836,6.119877,-1,270,2.0688,1.9356,2.1908,"PBANKA_1454000.1","DNA gyrase subunit B%2C putative",-846,2
"292","PbANKA_14_v3",2181030,2182257,"AP2-FG_1304",1000,"+",2327.415283,5.582557,-1,686,1.8692,1.8513,1.8869,"PBANKA_1456900.1","translation initiation factor SUI1%2C putative",-624,1
"293","PbANKA_14_v3",2232706,2234367,"AP2-FG_1308",1000,"+",3076.820312,6.457984,-1,1255,2.1675,2.0763,2.2533,"PBANKA_1458300.1","kinesin-13%2C putative",-246,1
"294","PbANKA_14_v3",2265925,2267551,"AP2-FG_1309",1000,"+",4215.058105,6.514785,-1,793,2.1879,2.0473,2.316,"PBANKA_1459300.1","actin I",-661,1
"295","PbANKA_14_v3",2275248,2277375,"AP2-FG_1311",1000,"+",5543.394531,6.511249,-1,1506,2.2027,2.0565,2.3354,"PBANKA_1459500.1","myosin A tail domain interacting protein MTIP%2C putative",-663,1
"296","PbANKA_14_v3",2299891,2301704,"AP2-FG_1315",1000,"+",4157.676758,6.279733,-1,1401,2.106,1.9935,2.2103,"PBANKA_1460500.1","serine/threonine protein kinase%2C putative",-681,1
"297","PbANKA_14_v3",2306310,2306899,"AP2-FG_1316",1000,"+",854.336304,5.224835,-1,351,2.0017,1.8547,2.1351,"PBANKA_1460700.1","dipeptidyl aminopeptidase 2",-454,1
"298","PbANKA_14_v3",2306310,2306899,"AP2-FG_1316",1000,"-",854.336304,5.224835,-1,351,2.0017,1.8547,2.1351,"PBANKA_1460600.1","conserved Plasmodium protein%2C unknown function",-509,2
"299","PbANKA_14_v3",2317687,2319264,"AP2-FG_1317",1000,"+",3758.008545,6.496368,-1,927,2.2319,2.0806,2.3688,"PBANKA_1461300.1","conserved Plasmodium protein%2C unknown function",-411,1
"300","PbANKA_14_v3",2322472,2323390,"AP2-FG_1318",1000,"-",1121.412354,5.45319,-1,320,1.9173,1.8427,1.9883,"PBANKA_1461400.1","bax inhibitor 1%2C putative",-883,1
"301","PbANKA_14_v3",2394823,2395428,"AP2-FG_1322",1000,"+",705.365906,5.484888,-1,306,2.0056,1.8376,2.156,"PBANKA_1463300.1","conserved Plasmodium protein%2C unknown function",-332,1
